Item Title,Publication Title,Book Series Title,Journal Volume,Journal Issue,Item DOI,Authors,Publication Year,URL,Content Type
"Smart Energy for Smart Transport","Lecture Notes in Intelligent Transportation and Infrastructure","","","","10.1007/978-3-031-23721-8","Eftihia G. NathanailNikolaos GavanasGiannis Adamos","2023","http://link.springer.com/book/10.1007/978-3-031-23721-8","Book"
"Recent Advances in Traffic Engineering","Lecture Notes in Civil Engineering","","","","10.1007/978-981-99-4464-4","Ashish DhamaniyaSai ChandIndrajit Ghosh","2024","http://link.springer.com/book/10.1007/978-981-99-4464-4","Book"
"Proceedings of the Sixth International Conference of Transportation Research Group of India","Lecture Notes in Civil Engineering","","","","10.1007/978-981-19-4204-4","Lelitha DeviMadhu ErrampalliAvijit MajiGitakrishnan Ramadurai","2023","http://link.springer.com/book/10.1007/978-981-19-4204-4","Book"
"Springer Handbook of Atmospheric Measurements","Springer Handbooks","","","","10.1007/978-3-030-52171-4","Thomas Foken","2021","http://link.springer.com/book/10.1007/978-3-030-52171-4","Book"
"Encyclopedic Reference of Genomics and Proteomics in Molecular Medicine","","","","","10.1007/3-540-29623-9","Prof. Dr. Detlev GantenProf. em. Dr. Klaus RuckpaulProf. Dr. Walter BirchmeierProf. Dr. Jörg T. EpplenProf. Dr. Klaus GenserDr. Manfred GossenDr. Birgit KerstenProf. Dr. Hans LehrachProf. Dr. Hartmut OschkinatProf. Dr. Patrizia RuizDr. Peter SchmiederProf. Dr. Erich WankerDr. Christiane Nolte","2006","http://link.springer.com/referencework/10.1007/3-540-29623-9","ReferenceWork"
"Proceedings of China SAE Congress 2022: Selected Papers","Lecture Notes in Electrical Engineering","","","","10.1007/978-981-99-1365-7","","2023","http://link.springer.com/book/10.1007/978-981-99-1365-7","Book"
"Encyclopedia of Biophysics","","","","","10.1007/978-3-642-16712-6","Gordon C. K. Roberts","2013","http://link.springer.com/referencework/10.1007/978-3-642-16712-6","ReferenceWork"
"The New Palgrave Dictionary of Economics","","","","","10.1057/978-1-349-95189-5","","2018","http://link.springer.com/referencework/10.1057/978-1-349-95189-5","ReferenceWork"
"Advances in Road Infrastructure and Mobility","Sustainable Civil Infrastructures","","","","10.1007/978-3-030-79801-7","Dr. Amin AkhnoukhProf. Dr. Kamil KaloushMag. Magid ElabyadBrendan HallemanNihal ErianSamuel Enmon IICherylyn Henry","2022","http://link.springer.com/book/10.1007/978-3-030-79801-7","Book"
"Smart Cities, Green Technologies, and Intelligent Transport Systems","Communications in Computer and Information Science","","","","10.1007/978-3-031-17098-0","Cornel KleinMatthias JarkeMarkus HelfertKarsten BernsOleg Gusikhin","2022","http://link.springer.com/book/10.1007/978-3-031-17098-0","Book"
"Recent Advances in Civil Engineering","Lecture Notes in Civil Engineering","","","","10.1007/978-981-19-0189-8","Dr. Pala Gireesh KumarProf. Kolluru V. L. SubramaniamProf. S. Moses SanthakumarDr. Neelima Satyam D.","2022","http://link.springer.com/book/10.1007/978-981-19-0189-8","Book"
"Green Connected Automated Transportation and Safety","Lecture Notes in Electrical Engineering","","","","10.1007/978-981-16-5429-9","Prof. Dr. Wuhong WangProf. Dr. Yanyan ChenProf. Dr. Zhengbing HeProf. Dr. Xiaobei Jiang","2022","http://link.springer.com/book/10.1007/978-981-16-5429-9","Book"
"Advances in Mobility-as-a-Service Systems","Advances in Intelligent Systems and Computing","","","","10.1007/978-3-030-61075-3","Prof. Eftihia G. NathanailDr. Giannis AdamosIoannis Karakikes","2021","http://link.springer.com/book/10.1007/978-3-030-61075-3","Book"
"The Protein Protocols Handbook","Springer Protocols Handbooks","","","","10.1007/978-1-59745-198-7","John M. Walker","2009","http://link.springer.com/book/10.1007/978-1-59745-198-7","Book"
"Hybrid Intelligent Systems","Lecture Notes in Networks and Systems","","","","10.1007/978-3-031-27409-1","Ajith AbrahamTzung-Pei HongKetan KotechaKun MaPooja Manghirmalani MishraNiketa Gandhi","2023","http://link.springer.com/book/10.1007/978-3-031-27409-1","Book"
"2021 6th International Conference on Intelligent Transportation Engineering (ICITE 2021)","Lecture Notes in Electrical Engineering","","","","10.1007/978-981-19-2259-6","Zhenyuan Zhang","2022","http://link.springer.com/book/10.1007/978-981-19-2259-6","Book"
"Springer Handbook of Robotics","Springer Handbooks","","","","10.1007/978-3-319-32552-1","Bruno SicilianoOussama Khatib","2016","http://link.springer.com/book/10.1007/978-3-319-32552-1","Book"
"Advances in Human Aspects of Transportation","Lecture Notes in Networks and Systems","","","","10.1007/978-3-030-80012-3","Dr. Neville Stanton","2021","http://link.springer.com/book/10.1007/978-3-030-80012-3","Book"
"Modelling and Simulation  for Autonomous Systems","Lecture Notes in Computer Science","","","","10.1007/978-3-030-98260-7","Ph.D. Jan MazalAdriano FagioliniPetr VasikMichele TuriAgostino BruzzoneProf. Dr. Stefan PicklVlastimil NeumannPetr Stodola","2022","http://link.springer.com/book/10.1007/978-3-030-98260-7","Book"
"Handbook of Climate Change Management","","","","","10.1007/978-3-030-57281-5","Dr. Johannes M. LuetzDr. Desalegn Ayal","2021","http://link.springer.com/referencework/10.1007/978-3-030-57281-5","ReferenceWork"
"Handbook of Smart Energy Systems","","","","","10.1007/978-3-030-97940-9","Michel FathiEnrico ZioPanos M. Pardalos","2023","http://link.springer.com/referencework/10.1007/978-3-030-97940-9","ReferenceWork"
"Springer Handbook of Robotics","","","","","10.1007/978-3-540-30301-5","Bruno Siciliano Prof.Oussama Khatib Prof.","2008","http://link.springer.com/referencework/10.1007/978-3-540-30301-5","ReferenceWork"
"Encyclopedia of Cancer","","","","","10.1007/978-3-662-46875-3","Manfred Schwab","2017","http://link.springer.com/referencework/10.1007/978-3-662-46875-3","ReferenceWork"
"Digital Technologies and Applications","Lecture Notes in Networks and Systems","","","","10.1007/978-3-031-29857-8","Saad MotahhirBadre Bossoufi","2023","http://link.springer.com/book/10.1007/978-3-031-29857-8","Book"
"Computational Collective Intelligence","Lecture Notes in Computer Science","","","","10.1007/978-3-031-41456-5","Ngoc Thanh NguyenJános BotzheimLászló GulyásManuel NúñezJan TreurGottfried VossenAdrianna Kozierkiewicz","2023","http://link.springer.com/book/10.1007/978-3-031-41456-5","Book"
"Plant Proteostasis","Methods in Molecular Biology","","","","10.1007/978-1-0716-2784-6","L. Maria LoisMarco Trujillo","2023","http://link.springer.com/book/10.1007/978-1-0716-2784-6","Book"
"Science and Technologies for Smart Cities","Lecture Notes of the Institute for Computer Sciences, Social Informatics and Telecommunications Engineering","","","","10.1007/978-3-031-06371-8","Prof. Dr. Sara PaivaXuejun LiSérgio Ivan LopesNishu GuptaProf. Dr. Danda B. RawatDr. Asma PatelProf. Dr. Hamid Reza Karimi ","2022","http://link.springer.com/book/10.1007/978-3-031-06371-8","Book"
"Intelligent Computing","Lecture Notes in Networks and Systems","","","","10.1007/978-3-031-10467-1","Kohei Arai","2022","http://link.springer.com/book/10.1007/978-3-031-10467-1","Book"
"Intelligent Human Systems Integration 2020","Advances in Intelligent Systems and Computing","","","","10.1007/978-3-030-39512-4","Prof. Tareq AhramProf. Waldemar KarwowskiDr. Alberto VergnanoProf. Francesco LealiProf. Redha Taiar","2020","http://link.springer.com/book/10.1007/978-3-030-39512-4","Book"
"Handbook of Dynamic Data Driven Applications Systems","","","","","10.1007/978-3-030-74568-4","Erik P. BlaschDr. Frederica DaremaDr. Sai RavelaDr. Alex J. Aved","2022","http://link.springer.com/book/10.1007/978-3-030-74568-4","Book"
"Computer Aided Systems Theory – EUROCAST 2022","Lecture Notes in Computer Science","","","","10.1007/978-3-031-25312-6","Roberto Moreno-DíazFranz PichlerAlexis Quesada-Arencibia","2022","http://link.springer.com/book/10.1007/978-3-031-25312-6","Book"
"Advanced Technologies, Systems, and Applications VII","Lecture Notes in Networks and Systems","","","","10.1007/978-3-031-17697-5","Naida AdemovićEdin MujčićMedžida MulićJasmin KevrićZlatan Akšamija","2023","http://link.springer.com/book/10.1007/978-3-031-17697-5","Book"
"Digital Technologies and Applications","Lecture Notes in Networks and Systems","","","","10.1007/978-3-030-73882-2","Prof. Saad MotahhirDr. Badre Bossoufi","2021","http://link.springer.com/book/10.1007/978-3-030-73882-2","Book"
"Web, Artificial Intelligence and Network Applications","Advances in Intelligent Systems and Computing","","","","10.1007/978-3-030-44038-1","Leonard BarolliFlora AmatoFrancesco MoscatoTomoya EnokidoMakoto Takizawa","2020","http://link.springer.com/book/10.1007/978-3-030-44038-1","Book"
"Proceedings of International Conference on Communication and Computational Technologies","Algorithms for Intelligent Systems","","","","10.1007/978-981-19-3951-8","Sandeep KumarSaroj HiranwalS. D. PurohitMukesh Prasad","2023","http://link.springer.com/book/10.1007/978-981-19-3951-8","Book"
"Proceedings of the Fifth International Conference of Transportation Research Group of India","Lecture Notes in Civil Engineering","","","","10.1007/978-981-16-8259-9","Assoc. Prof. Akhilesh Kumar MauryaProf. Bhargab MaitraProf. Rajat RastogiAnimesh Das","2022","http://link.springer.com/book/10.1007/978-981-16-8259-9","Book"
"Smart Cities, Green Technologies, and Intelligent Transport Systems","Communications in Computer and Information Science","","","","10.1007/978-3-030-89170-1","Cornel KleinMarkus HelfertProf. Karsten BernsOleg Gusikhin","2021","http://link.springer.com/book/10.1007/978-3-030-89170-1","Book"
"Signal and Information Processing, Networking and Computers","Lecture Notes in Electrical Engineering","","","","10.1007/978-981-19-9968-0","Yue WangYuyang LiuJiaqi ZouMengyao Huo","2023","http://link.springer.com/book/10.1007/978-981-19-9968-0","Book"
"Science and Technologies for Smart Cities","Lecture Notes of the Institute for Computer Sciences, Social Informatics and Telecommunications Engineering","","","","10.1007/978-3-030-76063-2","Prof. Dr. Sara PaivaSérgio Ivan LopesRafik ZitouniNishu GuptaSérgio F. LopesTakuro Yonezawa","2021","http://link.springer.com/book/10.1007/978-3-030-76063-2","Book"
"Computational Science and Its Applications – ICCSA 2022 Workshops","Lecture Notes in Computer Science","","","","10.1007/978-3-031-10562-3","Prof. Dr. Osvaldo GervasiBeniamino MurganteSanjay MisraAna Maria A. C. RochaDr. Chiara Garau","2022","http://link.springer.com/book/10.1007/978-3-031-10562-3","Book"
"Advances in Electrical and Computer Technologies","Lecture Notes in Electrical Engineering","","","","10.1007/978-981-19-1111-8","Thangaprakash SengodanM. MurugappanSanjay Misra","2022","http://link.springer.com/book/10.1007/978-981-19-1111-8","Book"
"The proceedings of the 16th Annual Conference of China Electrotechnical Society","Lecture Notes in Electrical Engineering","","","","10.1007/978-981-19-1870-4","Prof. Xidong LiangProf. Yaohua LiProf. Jinghan HeProf. Qingxin Yang","2022","http://link.springer.com/book/10.1007/978-981-19-1870-4","Book"
"Encyclopedia of Database Systems","","","","","10.1007/978-1-4614-8265-9","Ling LiuM. Tamer Özsu","2018","http://link.springer.com/referencework/10.1007/978-1-4614-8265-9","ReferenceWork"
"Encyclopedia of Quality of Life and Well-Being Research","","","","","10.1007/978-94-007-0753-5","Alex C. Michalos","2014","http://link.springer.com/referencework/10.1007/978-94-007-0753-5","ReferenceWork"
"The Palgrave Handbook of Global Sustainability","","","","","10.1007/978-3-031-01949-4","Robert Brinkmann","2023","http://link.springer.com/referencework/10.1007/978-3-031-01949-4","ReferenceWork"
"Towards Connected and Autonomous Vehicle Highways","EAI/Springer Innovations in Communication and Computing","","","","10.1007/978-3-030-66042-0","Umar Zakir Abdul HamidDr. Fadi Al-Turjman","2021","http://link.springer.com/book/10.1007/978-3-030-66042-0","Book"
"Encyclopedia of Cancer","","","","","10.1007/978-3-642-16483-5","Manfred Schwab","2011","http://link.springer.com/referencework/10.1007/978-3-642-16483-5","ReferenceWork"
"Encyclopedia of Molecular Pharmacology","","","","","10.1007/978-3-540-38918-7","Dr. Stefan OffermannsDr. Walter Rosenthal","2008","http://link.springer.com/referencework/10.1007/978-3-540-38918-7","ReferenceWork"
"Handbook of Smart Cities","","","","","10.1007/978-3-030-69698-6","Juan Carlos Augusto","2021","http://link.springer.com/referencework/10.1007/978-3-030-69698-6","ReferenceWork"
"Mobile and Ubiquitous Systems: Computing, Networking and Services","Lecture Notes of the Institute for Computer Sciences, Social Informatics and Telecommunications Engineering","","","","10.1007/978-3-030-94822-1","Takahiro HaraHirozumi Yamaguchi","2022","http://link.springer.com/book/10.1007/978-3-030-94822-1","Book"
"Applied Computer Sciences in Engineering","Communications in Computer and Information Science","","","","10.1007/978-3-319-66963-2","Juan Carlos Figueroa-GarcíaEduyn Ramiro López-SantanaJosé Luis Villa-RamírezRoberto Ferro-Escobar","2017","http://link.springer.com/book/10.1007/978-3-319-66963-2","Book"
"Encyclopedia of Wireless Networks","","","","","10.1007/978-3-319-78262-1","Xuemin (Sherman) ShenXiaodong LinKuan Zhang","2020","http://link.springer.com/referencework/10.1007/978-3-319-78262-1","ReferenceWork"
"The Proceedings of the 5th International Conference on Energy Storage and Intelligent Vehicles (ICEIV 2022)","Lecture Notes in Electrical Engineering","","","","10.1007/978-981-99-1027-4","Fengchun SunQingxin YangErik DahlquistRui Xiong","2023","http://link.springer.com/book/10.1007/978-981-99-1027-4","Book"
"Frontier Computing","Lecture Notes in Electrical Engineering","","","","10.1007/978-981-16-0115-6","Dr. Jia-Wei ChangDr. Neil YenDr. Jason C. Hung","2021","http://link.springer.com/book/10.1007/978-981-16-0115-6","Book"
"Computational Intelligence, Data Analytics and Applications","Lecture Notes in Networks and Systems","","","","10.1007/978-3-031-27099-4","Fausto Pedro García MárquezAkhtar JamilSüleyman EkenAlaa Ali Hameed","2023","http://link.springer.com/book/10.1007/978-3-031-27099-4","Book"
"New Results in Numerical and Experimental Fluid Mechanics XIV","Notes on Numerical Fluid Mechanics and Multidisciplinary Design","","","","10.1007/978-3-031-40482-5","Andreas DillmannGerd HellerEwald KrämerClaus WagnerJulien Weiss","2024","http://link.springer.com/book/10.1007/978-3-031-40482-5","Book"
"Advances in Production Management Systems. Production Management Systems for Responsible Manufacturing, Service, and Logistics Futures","IFIP Advances in Information and Communication Technology","","","","10.1007/978-3-031-43670-3","Erlend AlfnesAnita RomsdalJan Ola StrandhagenGregor von CieminskiDavid Romero","2023","http://link.springer.com/book/10.1007/978-3-031-43670-3","Book"
"Intelligent Systems Design and Applications","Advances in Intelligent Systems and Computing","","","","10.1007/978-3-030-71187-0","Prof. Dr. Ajith AbrahamProf. Vincenzo PiuriDr. Niketa GandhiProf. Patrick SiarryProf. Dr. Dr. h. c. Arturas KaklauskasDr. Ana Madureira","2021","http://link.springer.com/book/10.1007/978-3-030-71187-0","Book"
"Intelligent Equipment, Robots, and Vehicles","Communications in Computer and Information Science","","","","10.1007/978-981-16-7213-2","Prof. Qinglong HanSean McLooneChen PengProf. Baolin Zhang","2021","http://link.springer.com/book/10.1007/978-981-16-7213-2","Book"
"Data Engineering and Communication Technology","Lecture Notes on Data Engineering and Communications Technologies","","","","10.1007/978-981-16-0081-4","Dr. K. Ashoka ReddyDr. B. Rama DeviDr. Boby GeorgeDr. K. Srujan Raju","2021","http://link.springer.com/book/10.1007/978-981-16-0081-4","Book"
"Intelligent and Fuzzy Systems","Lecture Notes in Networks and Systems","","","","10.1007/978-3-031-09176-6","Prof. Cengiz KahramanProf. A. Cagri TolgaProf. Sezi Cevik OnarProf. Selcuk CebiProf. Basar OztaysiProf. Irem Ucal Sari","2022","http://link.springer.com/book/10.1007/978-3-031-09176-6","Book"
"Machine Learning for Cyber Security","Lecture Notes in Computer Science","","","","10.1007/978-3-031-20102-8","Yuan XuHongyang YanHuang TengJun CaiJin Li","2023","http://link.springer.com/book/10.1007/978-3-031-20102-8","Book"
"Encyclopedia of Genetics, Genomics, Proteomics and Informatics","","","","","10.1007/978-1-4020-6754-9","George P. Rédei","2008","http://link.springer.com/referencework/10.1007/978-1-4020-6754-9","ReferenceWork"
"Global Encyclopedia of Public Administration, Public Policy, and Governance","","","","","10.1007/978-3-030-66252-3","Ali Farazmand","2022","http://link.springer.com/referencework/10.1007/978-3-030-66252-3","ReferenceWork"
"Optimization, Learning Algorithms and Applications","Communications in Computer and Information Science","","","","10.1007/978-3-031-23236-7","Ana I. PereiraAndrej KoširFlorbela P. FernandesMaria F. PachecoJoão P. TeixeiraRui P. Lopes","2022","http://link.springer.com/book/10.1007/978-3-031-23236-7","Book"
"Encyclopedia of Database Systems","","","","","10.1007/978-0-387-39940-9","LING LIUM. TAMER ÖZSU","2009","http://link.springer.com/referencework/10.1007/978-0-387-39940-9","ReferenceWork"
"13th International Conference on Biomedical Engineering","IFMBE Proceedings","","","","10.1007/978-3-540-92841-6","Chwee Teck LimJames C. H. Goh","2009","http://link.springer.com/book/10.1007/978-3-540-92841-6","Book"
"International Scientific Siberian Transport Forum TransSiberia - 2021","Lecture Notes in Networks and Systems","","","","10.1007/978-3-030-96383-5","Aleksey ManakovArkadii Edigarian","2022","http://link.springer.com/book/10.1007/978-3-030-96383-5","Book"
"Machine Learning and Autonomous Systems","Smart Innovation, Systems and Technologies","","","","10.1007/978-981-16-7996-4","Prof. Joy Iong-Zong ChenDr. Haoxiang WangDr. Ke-Lin DuProf. V. Suma","2022","http://link.springer.com/book/10.1007/978-981-16-7996-4","Book"
"Distributed Sensing and Intelligent Systems","Studies in Distributed Intelligence","","","","10.1007/978-3-030-64258-7","Dr. Mohamed ElhosenyXiaohui YuanSalah-ddine Krit","2022","http://link.springer.com/book/10.1007/978-3-030-64258-7","Book"
"Advanced Information Networking and Applications","Lecture Notes in Networks and Systems","","","","10.1007/978-3-030-99584-3","Prof. Dr. Leonard BarolliDr. Farookh HussainProf. Dr. Tomoya Enokido","2022","http://link.springer.com/book/10.1007/978-3-030-99584-3","Book"
"Intelligent Computing & Optimization","Lecture Notes in Networks and Systems","","","","10.1007/978-3-030-93247-3","Dr. Pandian VasantProf. Ivan ZelinkaProf. Gerhard-Wilhelm Weber","2022","http://link.springer.com/book/10.1007/978-3-030-93247-3","Book"
"Encyclopedia of Cancer","","","","","10.1007/978-3-540-47648-1","Manfred Schwab","2009","http://link.springer.com/referencework/10.1007/978-3-540-47648-1","ReferenceWork"
"The New Palgrave Dictionary of Economics and the Law","","","","","10.1007/978-1-349-74173-1","Peter Newman","2002","http://link.springer.com/referencework/10.1007/978-1-349-74173-1","ReferenceWork"
"Advances in Automation III","Lecture Notes in Electrical Engineering","","","","10.1007/978-3-030-94202-1","Prof. Andrey A. RadionovProf. Vadim R. Gasiyarov","2022","http://link.springer.com/book/10.1007/978-3-030-94202-1","Book"
"Handbook of Dynamic Data Driven Applications Systems","","","","","10.1007/978-3-031-27986-7","Frederica DaremaErik P. BlaschSai RavelaAlex J. Aved","2023","http://link.springer.com/book/10.1007/978-3-031-27986-7","Book"
"Proceedings of the 3rd International Conference on Electronic Engineering and Renewable Energy Systems","Lecture Notes in Electrical Engineering","","","","10.1007/978-981-19-6223-3","Hajji BekkayAdel MellitAntonio GaglianoAbdelhamid RabhiMohammed Amine Koulali","2023","http://link.springer.com/book/10.1007/978-981-19-6223-3","Book"
"Membrane Trafficking","Methods in Molecular Biology","","","","10.1007/978-1-0716-2209-4","Ph.D. Jingshi Shen","2022","http://link.springer.com/book/10.1007/978-1-0716-2209-4","Book"
"Sustainable Smart Cities and Territories","Lecture Notes in Networks and Systems","","","","10.1007/978-3-030-78901-5","Juan M. CorchadoSaber Trabelsi","2022","http://link.springer.com/book/10.1007/978-3-030-78901-5","Book"
"Proceedings of Data Analytics and Management","Lecture Notes in Networks and Systems","","","","10.1007/978-981-19-7615-5","Ashish KhannaZdzislaw PolkowskiOscar Castillo","2023","http://link.springer.com/book/10.1007/978-981-19-7615-5","Book"
"Advances in Data Science and Computing Technologies","Lecture Notes in Electrical Engineering","","","","10.1007/978-981-99-3656-4","Basabi ChakrabortyArindam BiswasAmlan Chakrabarti","2023","http://link.springer.com/book/10.1007/978-981-99-3656-4","Book"
"Environmental Protection and Disaster Risks","Studies in Systems, Decision and Control","","","","10.1007/978-3-030-70190-1","Nina DobrinkovaGeorgi Gadzhev","2021","http://link.springer.com/book/10.1007/978-3-030-70190-1","Book"
"Modeling Interactions among Pedestrians and Cars in Shared Spaces","","","","","10.1007/978-3-658-38345-9","Fatema Tuj Johora","2022","http://link.springer.com/book/10.1007/978-3-658-38345-9","Book"
"Metaheuristics in Machine Learning: Theory and Applications","Studies in Computational Intelligence","","","","10.1007/978-3-030-70542-8","Prof. Diego OlivaAssoc. Prof. Essam H. HousseinProf. Salvador Hinojosa","2021","http://link.springer.com/book/10.1007/978-3-030-70542-8","Book"
"Communication, Computation and Perception Technologies for Internet of Vehicles","","","","","10.1007/978-981-99-5439-1","Yongdong ZhuYue CaoWei HuaLexi Xu","2023","http://link.springer.com/book/10.1007/978-981-99-5439-1","Book"
"Intelligent Systems Design and Applications","Lecture Notes in Networks and Systems","","","","10.1007/978-3-030-96308-8","Dr. Ajith AbrahamDr. Niketa GandhiDr. Thomas HanneDr. Tzung-Pei HongDr. Tatiane Nogueira RiosDr. Weiping Ding","2022","http://link.springer.com/book/10.1007/978-3-030-96308-8","Book"
"Applications of Evolutionary Computation","Lecture Notes in Computer Science","","","","10.1007/978-3-031-30229-9","João CorreiaStephen SmithRaneem Qaddoura","2023","http://link.springer.com/book/10.1007/978-3-031-30229-9","Book"
"Encyclopedia of Evolutionary Psychological Science","","","","","10.1007/978-3-319-19650-3","Todd K ShackelfordViviana A Weekes-Shackelford","2021","http://link.springer.com/referencework/10.1007/978-3-319-19650-3","ReferenceWork"
"Intelligent Computing","Lecture Notes in Networks and Systems","","","","10.1007/978-3-031-37717-4","Kohei Arai","2023","http://link.springer.com/book/10.1007/978-3-031-37717-4","Book"
"Encyclopedia of Systems Biology","","","","","10.1007/978-1-4419-9863-7","Werner DubitzkyOlaf WolkenhauerKwang-Hyun ChoHiroki Yokota","2013","http://link.springer.com/referencework/10.1007/978-1-4419-9863-7","ReferenceWork"
"Handbook of the Cerebellum and Cerebellar Disorders","","","","","10.1007/978-3-030-23810-0","Dr. Mario U. MantoDonna L. GruolJeremy D. SchmahmannNoriyuki KoibuchiDr. Roy V. Sillitoe","2022","http://link.springer.com/referencework/10.1007/978-3-030-23810-0","ReferenceWork"
"Autonomous Driving","","","","","10.1007/978-3-662-48847-8","Markus MaurerJ. Christian GerdesBarbara LenzHermann Winner","2016","http://link.springer.com/book/10.1007/978-3-662-48847-8","Book"
"Proceedings of the International e-Conference on Intelligent Systems and Signal Processing","Advances in Intelligent Systems and Computing","","","","10.1007/978-981-16-2123-9","Dr. Falgun ThakkarProf. Geetali SahaDr. Celia ShahnazProf. Yu-Chen Hu","2022","http://link.springer.com/book/10.1007/978-981-16-2123-9","Book"
"The 12th Conference on Information Technology and Its Applications","Lecture Notes in Networks and Systems","","","","10.1007/978-3-031-36886-8","Ngoc Thanh NguyenHoa Le-MinhCong-Phap HuynhQuang-Vu Nguyen","2023","http://link.springer.com/book/10.1007/978-3-031-36886-8","Book"
"Intelligent Infrastructure in Transportation and Management","Studies in Infrastructure and Control","","","","10.1007/978-981-16-6936-1","Dr. Jiten ShahDr. Shriniwas S. ArkatkarDr. Pravin Jadhav","2022","http://link.springer.com/book/10.1007/978-981-16-6936-1","Book"
"Simulation Tools and Techniques","Lecture Notes of the Institute for Computer Sciences, Social Informatics and Telecommunications Engineering","","","","10.1007/978-3-030-97124-3","Prof. Dingde JiangHoubing Song","2022","http://link.springer.com/book/10.1007/978-3-030-97124-3","Book"
"Web Information Systems and Applications","Lecture Notes in Computer Science","","","","10.1007/978-3-030-87571-8","Chunxiao XingProf. Xiaoming FuYong ZhangGuigang ZhangChaolemen Borjigin","2021","http://link.springer.com/book/10.1007/978-3-030-87571-8","Book"
"Encyclopedia of Metalloproteins","","","","","10.1007/978-1-4614-1533-6","Robert H. KretsingerVladimir N. UverskyEugene A. Permyakov","2013","http://link.springer.com/referencework/10.1007/978-1-4614-1533-6","ReferenceWork"
"Encyclopedia of Color Science and Technology","","","","","10.1007/978-1-4419-8071-7","Ming Ronnier Luo","2016","http://link.springer.com/referencework/10.1007/978-1-4419-8071-7","ReferenceWork"
"Intelligent Robotics and Applications","Lecture Notes in Computer Science","","","","10.1007/978-3-030-89092-6","Prof. Xin-Jun LiuZhenguo NieProf. Jingjun YuFugui XieRui Song","2021","http://link.springer.com/book/10.1007/978-3-030-89092-6","Book"
"Sustainable Communication Networks and Application","Lecture Notes on Data Engineering and Communications Technologies","","","","10.1007/978-981-16-6605-6","Dr. P. KarrupusamyDr. Valentina Emilia BalasDr. Yong Shi","2022","http://link.springer.com/book/10.1007/978-981-16-6605-6","Book"
"2020 International Conference on Data Processing Techniques and Applications for Cyber-Physical Systems","Advances in Intelligent Systems and Computing","","","","10.1007/978-981-16-1726-3","Dr. Chuanchao HuangDr. Yu-Wei ChanProf. Neil Yen","2021","http://link.springer.com/book/10.1007/978-981-16-1726-3","Book"
"Communication, Smart Technologies and Innovation for Society","Smart Innovation, Systems and Technologies","","","","10.1007/978-981-16-4126-8","Prof. Álvaro RochaProf. Paulo Carlos López-LópezJuan Pablo Salgado-Guerrero","2022","http://link.springer.com/book/10.1007/978-981-16-4126-8","Book"
"Proceedings of the 6th Brazilian Technology Symposium (BTSym’20)","Smart Innovation, Systems and Technologies","","","","10.1007/978-3-030-75680-2","Prof. Dr. Yuzo IanoProf. Osamu SaotomeProf. Guillermo KemperProf. Dr. Ana Claudia Mendes de SeixasProf. Gabriel Gomes de Oliveira","2021","http://link.springer.com/book/10.1007/978-3-030-75680-2","Book"
"Recent Trends in Civil Engineering","Lecture Notes in Civil Engineering","","","","10.1007/978-981-19-4055-2","Arjun SilDenise-Penelope N. KontoniRathish Kumar Pancharathi","2023","http://link.springer.com/book/10.1007/978-981-19-4055-2","Book"
"AI-enabled Technologies for Autonomous and Connected Vehicles","Lecture Notes in Intelligent Transportation and Infrastructure","","","","10.1007/978-3-031-06780-8","Yi Lu MurpheyIlya KolmanovskyPaul Watta","2023","http://link.springer.com/book/10.1007/978-3-031-06780-8","Book"
"Operations Research Proceedings 2022","Lecture Notes in Operations Research","","","","10.1007/978-3-031-24907-5","Oliver GrotheStefan NickelSteffen RebennackOliver Stein","2023","http://link.springer.com/book/10.1007/978-3-031-24907-5","Book"
"Integrating Artificial Intelligence and Visualization for Visual Knowledge Discovery","Studies in Computational Intelligence","","","","10.1007/978-3-030-93119-3","Dr. Boris KovalerchukDr. Kawa NazemiRăzvan AndonieDr. Nuno DatiaDr. Ebad Banissi","2022","http://link.springer.com/book/10.1007/978-3-030-93119-3","Book"
"Innovations in Smart Cities Applications Volume 6","Lecture Notes in Networks and Systems","","","","10.1007/978-3-031-26852-6","Mohamed Ben AhmedAnouar Abdelhakim BoudhirDomingos SantosRogerio DionisioNabil Benaya","2023","http://link.springer.com/book/10.1007/978-3-031-26852-6","Book"
"Evolutionary Computing and Mobile Sustainable Networks","Lecture Notes on Data Engineering and Communications Technologies","","","","10.1007/978-981-16-9605-3","Prof. V. SumaDr. Xavier FernandoDr. Ke-Lin DuDr. Haoxiang Wang","2022","http://link.springer.com/book/10.1007/978-981-16-9605-3","Book"
"Advances in Computer Science and Ubiquitous Computing","Lecture Notes in Electrical Engineering","","","","10.1007/978-981-99-1252-0","Ji Su ParkLaurence T. YangYi PanJong Hyuk Park","2023","http://link.springer.com/book/10.1007/978-981-99-1252-0","Book"
"Intelligent Cyber Physical Systems and Internet of Things","Engineering Cyber-Physical Systems and Critical Infrastructures","","","","10.1007/978-3-031-18497-0","Jude HemanthDanilo PelusiJoy Iong-Zong Chen","2023","http://link.springer.com/book/10.1007/978-3-031-18497-0","Book"
"Smart Cities","Studies in Energy, Resource and Environmental Economics","","","","10.1007/978-3-031-35664-3","Fateh BelaïdAnvita Arora","2024","http://link.springer.com/book/10.1007/978-3-031-35664-3","Book"
"Advanced Hybrid Information Processing","Lecture Notes of the Institute for Computer Sciences, Social Informatics and Telecommunications Engineering","","","","10.1007/978-3-030-94554-1","Shuai LiuDr. Xuefei Ma","2022","http://link.springer.com/book/10.1007/978-3-030-94554-1","Book"
"Creativity in Intelligent Technologies and Data Science","Communications in Computer and Information Science","","","","10.1007/978-3-031-44615-3","Alla G. KravetsMaxim V. ShcherbakovPeter P. Groumpos","2023","http://link.springer.com/book/10.1007/978-3-031-44615-3","Book"
"Computational Science – ICCS 2021","Lecture Notes in Computer Science","","","","10.1007/978-3-030-77961-0","Prof. Maciej PaszynskiProf. Dr. Dieter KranzlmüllerDr. Valeria V. KrzhizhanovskayaProf. Jack J. DongarraProf. Dr. Peter M. A. Sloot","2021","http://link.springer.com/book/10.1007/978-3-030-77961-0","Book"
"Proceedings of UASG 2021: Wings 4 Sustainability","Lecture Notes in Civil Engineering","","","","10.1007/978-3-031-19309-5","Kamal JainVishal MishraBiswajeet Pradhan","2023","http://link.springer.com/book/10.1007/978-3-031-19309-5","Book"
"Data Science and Algorithms in Systems","Lecture Notes in Networks and Systems","","","","10.1007/978-3-031-21438-7","Radek SilhavyPetr SilhavyZdenka Prokopova","2023","http://link.springer.com/book/10.1007/978-3-031-21438-7","Book"
"Encyclopedia of Gerontology and Population Aging","","","","","10.1007/978-3-030-22009-9","Danan GuMatthew E. Dupre","2021","http://link.springer.com/referencework/10.1007/978-3-030-22009-9","ReferenceWork"
"Proceeding of 2022 International Conference on Wireless Communications, Networking and Applications (WCNA 2022)","Lecture Notes in Electrical Engineering","","","","10.1007/978-981-99-3951-0","Zhihong QianM.A. JabbarSimon K. S. CheungXiaolong Li","2023","http://link.springer.com/book/10.1007/978-981-99-3951-0","Book"
"Traffic and Pollution Modelling for Air Quality Awareness: An Experience in the City of Zaragoza","SN Computer Science","","3","4","10.1007/s42979-022-01105-0","Sergio IlarriRaquel Trillo-LadoLorena Marrodán","2022","http://link.springer.com/article/10.1007/s42979-022-01105-0","Article"
"Digital Technologies and Applications","Lecture Notes in Networks and Systems","","","","10.1007/978-3-031-01942-5","Prof. Saad MotahhirDr. Badre Bossoufi","2022","http://link.springer.com/book/10.1007/978-3-031-01942-5","Book"
"Inventive Communication and Computational Technologies","Lecture Notes in Networks and Systems","","","","10.1007/978-981-19-4960-9","G. RanganathanXavier FernandoÁlvaro Rocha","2023","http://link.springer.com/book/10.1007/978-981-19-4960-9","Book"
"Proceedings of International Conference on Recent Trends in Computing","Lecture Notes in Networks and Systems","","","","10.1007/978-981-19-8825-7","Rajendra Prasad MahapatraSateesh K. PeddojuSudip RoyPritee Parwekar","2023","http://link.springer.com/book/10.1007/978-981-19-8825-7","Book"
"Innovations in Smart Cities Applications Volume 5","Lecture Notes in Networks and Systems","","","","10.1007/978-3-030-94191-8","Prof. Dr. Mohamed Ben AhmedProf. Anouar Abdelhakim BoudhirProf. Dr. İsmail Rakıp KarașProf. Dr. Vipul JainProf. Dr. Sehl Mellouli","2022","http://link.springer.com/book/10.1007/978-3-030-94191-8","Book"
"Proceedings of International Conference on Paradigms of Communication, Computing and Data Analytics","Algorithms for Intelligent Systems","","","","10.1007/978-981-99-4626-6","Anupam YadavSatyasai Jagannath NandaMeng-Hiot Lim","2023","http://link.springer.com/book/10.1007/978-981-99-4626-6","Book"
"Artificial Intelligence and Its Applications","Lecture Notes in Networks and Systems","","","","10.1007/978-3-030-96311-8","Brahim LejdelProf. Dr. Eliseo ClementiniLouai Alarabi","2022","http://link.springer.com/book/10.1007/978-3-030-96311-8","Book"
"International Conference on Innovative Computing and Communications","Lecture Notes in Networks and Systems","","","","10.1007/978-981-99-4071-4","Aboul Ella HassanienOscar CastilloSameer AnandAjay Jaiswal","2024","http://link.springer.com/book/10.1007/978-981-99-4071-4","Book"
"Proceedings of 2021 5th Chinese Conference on Swarm Intelligence and Cooperative Control","Lecture Notes in Electrical Engineering","","","","10.1007/978-981-19-3998-3","Prof. Zhang RenDr. Mengyi WangDr. Yongzhao Hua","2023","http://link.springer.com/book/10.1007/978-981-19-3998-3","Book"
"Artificial Intelligence and Data Science","Communications in Computer and Information Science","","","","10.1007/978-3-031-21385-4","Ashwani KumarIztok Fister Jr.P. K. GuptaJohan DebayleZuopeng Justin ZhangMohammed Usman","2022","http://link.springer.com/book/10.1007/978-3-031-21385-4","Book"
"Neural Computing for Advanced Applications","Communications in Computer and Information Science","","","","10.1007/978-981-16-5188-5","Haijun ZhangZhi YangZhao ZhangZhou WuTianyong Hao","2021","http://link.springer.com/book/10.1007/978-981-16-5188-5","Book"
"Modelling, Simulation and Applications of Complex Systems","Springer Proceedings in Mathematics & Statistics","","","","10.1007/978-981-16-2629-6","Dr. Mohd Hafiz MohdDr. Md Yushalify MisroDr. Syakila AhmadDr. Doanh Nguyen Ngoc","2021","http://link.springer.com/book/10.1007/978-981-16-2629-6","Book"
"Congress on Intelligent Systems","Lecture Notes on Data Engineering and Communications Technologies","","","","10.1007/978-981-16-9113-3","Dr. Mukesh SaraswatDr. Harish SharmaProf. Dr. K. BalachandranProf. Joong Hoon KimDr. Jagdish Chand Bansal","2022","http://link.springer.com/book/10.1007/978-981-16-9113-3","Book"
"High-Performance Computing Systems and Technologies in Scientific Research, Automation of Control and Production","Communications in Computer and Information Science","","","","10.1007/978-3-031-23744-7","Vladimir JordanIlya TarasovElla ShurinaNikolay FilimonovVladimir Faerman","2023","http://link.springer.com/book/10.1007/978-3-031-23744-7","Book"
"IoT Based Control Networks and Intelligent Systems","Lecture Notes in Networks and Systems","","","","10.1007/978-981-19-5845-8","P. P. JobyValentina E. BalasRam Palanisamy","2023","http://link.springer.com/book/10.1007/978-981-19-5845-8","Book"
"The Nuclear Pore Complex","Methods in Molecular Biology","","","","10.1007/978-1-0716-2337-4","Prof. Martin W. Goldberg","2022","http://link.springer.com/book/10.1007/978-1-0716-2337-4","Book"
"New Trends in Database and Information Systems","Communications in Computer and Information Science","","","","10.1007/978-3-030-85082-1","Ladjel BellatrecheProf. Marlon DumasPanagiotis KarrasProf. Dr. Raimundas MatulevičiusAhmed AwadProf. Dr. Matthias WeidlichProf. Mirjana IvanovićOlaf Hartig","2021","http://link.springer.com/book/10.1007/978-3-030-85082-1","Book"
"Research and Innovation Forum 2022","Springer Proceedings in Complexity","","","","10.1007/978-3-031-19560-0","Anna VisviziOrlando TroisiMara Grimaldi","2023","http://link.springer.com/book/10.1007/978-3-031-19560-0","Book"
"Recent Developments in Water Resources and Transportation Engineering","Lecture Notes in Civil Engineering","","","","10.1007/978-981-99-2905-4","Nidhi NagabhatlaYusuf MehtaBrijesh Kumar YadavAmbika BehlMadhuri Kumari","2024","http://link.springer.com/book/10.1007/978-981-99-2905-4","Book"
"WITS 2020","Lecture Notes in Electrical Engineering","","","","10.1007/978-981-33-6893-4","Dr. Saad BennaniDr. Younes LakhrissiDr. Ghizlane KhaissidiProf. Dr. Anass MansouriDr. Youness Khamlichi","2022","http://link.springer.com/book/10.1007/978-981-33-6893-4","Book"
"Environment and Sustainable Development","Environmental Science and Engineering","","","","10.1007/978-981-99-4101-8","Keiji UjikawaMikio IshiwatariEric van Hullebusch","2023","http://link.springer.com/book/10.1007/978-981-99-4101-8","Book"
"Computational Science and Its Applications – ICCSA 2021","Lecture Notes in Computer Science","","","","10.1007/978-3-030-86960-1","Prof. Dr. Osvaldo GervasiBeniamino MurganteDr. Sanjay MisraDr. Chiara GarauIvan BlečićDavid TaniarBernady O. ApduhanAna Maria A.C. RochaEufemia TarantinoCarmelo Maria Torre","2021","http://link.springer.com/book/10.1007/978-3-030-86960-1","Book"
"Data Management Technologies and Applications","Communications in Computer and Information Science","","","","10.1007/978-3-030-83014-4","Slimane HammoudiChristoph QuixJorge Bernardino","2021","http://link.springer.com/book/10.1007/978-3-030-83014-4","Book"
"The Semantic Web","Lecture Notes in Computer Science","","","","10.1007/978-3-031-06981-9","Paul GrothMaria-Esther VidalFabian SuchanekPedro SzekleyPavan KapanipathiCatia PesquitaHala Skaf-MolliMinna Tamper","2022","http://link.springer.com/book/10.1007/978-3-031-06981-9","Book"
"Intelligent Distributed Computing XIV","Studies in Computational Intelligence","","","","10.1007/978-3-030-96627-0","David CamachoProf. Domenico RosaciProf. Giuseppe M. L. SarnéMario Versaci","2022","http://link.springer.com/book/10.1007/978-3-030-96627-0","Book"
"Advances in Social Simulation","Springer Proceedings in Complexity","","","","10.1007/978-3-030-92843-8","Marcin CzuprynaBogumił Kamiński","2022","http://link.springer.com/book/10.1007/978-3-030-92843-8","Book"
"Global Encyclopedia of Public Administration, Public Policy, and Governance","","","","","10.1007/978-3-319-20928-9","Ali Farazmand","2018","http://link.springer.com/referencework/10.1007/978-3-319-20928-9","ReferenceWork"
"Production and Operations Management","Springer Proceedings in Mathematics & Statistics","","","","10.1007/978-3-031-06862-1","Jorge Vargas FlorezIrineu de Brito JuniorAdriana LeirasSandro Alberto Paz ColladoMiguel Domingo González AlvarezCarlos Alberto González-CalderónSebastian Villa BetancurMichelle RodriguezDiana Ramirez-Rios","2022","http://link.springer.com/book/10.1007/978-3-031-06862-1","Book"
"HCI in Mobility, Transport, and Automotive Systems","Lecture Notes in Computer Science","","","","10.1007/978-3-031-04987-3","Prof. Dr. Heidi Krömker","2022","http://link.springer.com/book/10.1007/978-3-031-04987-3","Book"
"Automated Driving","","","","","10.1007/978-3-319-31895-0","Daniel WatzenigProf. Dr. Martin Horn","2017","http://link.springer.com/book/10.1007/978-3-319-31895-0","Book"
"Proceedings of Sixth International Congress on Information and Communication Technology","Lecture Notes in Networks and Systems","","","","10.1007/978-981-16-2102-4","Dr. Xin-She YangDr. Simon SherrattDr. Nilanjan DeyDr. Amit Joshi","2022","http://link.springer.com/book/10.1007/978-981-16-2102-4","Book"
"Optimization and Decision Science: Operations Research, Inclusion and Equity","AIRO Springer Series","","","","10.1007/978-3-031-28863-0","Paola CappaneraMatteo LapucciFabio SchoenMarco SciandroneFabio TardellaFilippo Visintin","2023","http://link.springer.com/book/10.1007/978-3-031-28863-0","Book"
"AI and IoT for Smart City Applications","Studies in Computational Intelligence","","","","10.1007/978-981-16-7498-3","Prof. Vincenzo PiuriDr. Rabindra Nath ShawDr. Ankush GhoshDr. Rabiul Islam","2022","http://link.springer.com/book/10.1007/978-981-16-7498-3","Book"
"Advances in Information and Communication","Advances in Intelligent Systems and Computing","","","","10.1007/978-3-030-73100-7","Kohei Arai","2021","http://link.springer.com/book/10.1007/978-3-030-73100-7","Book"
"Intelligent Transport Systems","Lecture Notes of the Institute for Computer Sciences, Social Informatics and Telecommunications Engineering","","","","10.1007/978-3-030-97603-3","Ana Lúcia MartinsJoao C FerreiraAlexander Kocian","2022","http://link.springer.com/book/10.1007/978-3-030-97603-3","Book"
"Intelligent Data Communication Technologies and Internet of Things","Lecture Notes on Data Engineering and Communications Technologies","","","","10.1007/978-981-16-7610-9","Dr. D. Jude HemanthDr. Danilo PelusiDr. Chandrasekar Vuppalapati","2022","http://link.springer.com/book/10.1007/978-981-16-7610-9","Book"
"Computer Supported Cooperative Work and Social Computing","Communications in Computer and Information Science","","","","10.1007/978-981-99-2385-4","Yuqing SunTun LuYinzhang GuoXiaoxia SongHongfei FanDongning LiuLiping GaoBowen Du","2023","http://link.springer.com/book/10.1007/978-981-99-2385-4","Book"
"Ubiquitous Networking","Lecture Notes in Computer Science","","","","10.1007/978-3-030-86356-2","Halima ElbiazeProf. Dr. Essaid SabirProf. Dr. Francisco FalconeMohamed SadikSamson LasaulceJalel Ben Othman","2021","http://link.springer.com/book/10.1007/978-3-030-86356-2","Book"
"Intelligent Technologies and Applications","Communications in Computer and Information Science","","","","10.1007/978-3-031-10525-8","Assoc. Prof. Filippo SanfilippoOle-Christoffer GranmoSule Yildirim YayilganProf. Imran Sarwar Bajwa","2022","http://link.springer.com/book/10.1007/978-3-031-10525-8","Book"
"Introduction to Intelligent Systems in Traffic and Transportation","Synthesis Lectures on Artificial Intelligence and Machine Learning","","","","10.1007/978-3-031-01565-6","Ana L.C. BazzanFranziska Klügl","2014","http://link.springer.com/book/10.1007/978-3-031-01565-6","Book"
"Ambient Intelligence – Software and Applications – 14th International Symposium on Ambient Intelligence","Lecture Notes in Networks and Systems","","","","10.1007/978-3-031-43461-7","Paulo NovaisVicente Julián IngladaMiguel J. HornosIchiro SatohDavide CarneiroJoão CarneiroRicardo S. Alonso","2023","http://link.springer.com/book/10.1007/978-3-031-43461-7","Book"
"International Conference on Innovative Computing and Communications","Lecture Notes in Networks and Systems","","","","10.1007/978-981-99-3010-4","Aboul Ella HassanienOscar CastilloSameer AnandAjay Jaiswal","2023","http://link.springer.com/book/10.1007/978-981-99-3010-4","Book"
"Encyclopedia of Big Data Technologies","","","","","10.1007/978-3-319-77525-8","Sherif SakrAlbert Y. Zomaya","2019","http://link.springer.com/referencework/10.1007/978-3-319-77525-8","ReferenceWork"
"Computational Science – ICCS 2019","Lecture Notes in Computer Science","","","","10.1007/978-3-030-22744-9","Dr. João M. F. RodriguesDr. Pedro J. S. CardosoDr. Jânio MonteiroProf. Roberto LamDr. Valeria V. KrzhizhanovskayaMichael H. LeesProf. Jack J. DongarraProf. Dr. Peter M.A. Sloot","2019","http://link.springer.com/book/10.1007/978-3-030-22744-9","Book"
"Enterprise Information Systems","Lecture Notes in Business Information Processing","","","","10.1007/978-3-031-08965-7","Prof. Dr. Joaquim FilipeMichał ŚmiałekAlexander BrodskySlimane Hammoudi","2022","http://link.springer.com/book/10.1007/978-3-031-08965-7","Book"
"Intelligent Distributed Computing XV","Studies in Computational Intelligence","","","","10.1007/978-3-031-29104-3","Lars BraubachKai JanderCostin Bădică","2023","http://link.springer.com/book/10.1007/978-3-031-29104-3","Book"
"Deep Learning for Unmanned Systems","Studies in Computational Intelligence","","","","10.1007/978-3-030-77939-9","Dr. Anis KoubaaProf. Ahmad Taher Azar","2021","http://link.springer.com/book/10.1007/978-3-030-77939-9","Book"
"Intelligent Control and Smart Energy Management","Springer Optimization and Its Applications","","","","10.1007/978-3-030-84474-5","Maude Josée BlondinJoão Pedro Fernandes TrovãoHicham ChaouiPanos M. Pardalos","2022","http://link.springer.com/book/10.1007/978-3-030-84474-5","Book"
"International Conference on Innovative Computing and Communications","Lecture Notes in Networks and Systems","","","","10.1007/978-981-19-2535-1","Deepak GuptaAshish KhannaSiddhartha BhattacharyyaAboul Ella HassanienSameer AnandAjay Jaiswal","2023","http://link.springer.com/book/10.1007/978-981-19-2535-1","Book"
"Proceedings of Seventh International Congress on Information and Communication Technology","Lecture Notes in Networks and Systems","","","","10.1007/978-981-19-1607-6","Dr. Xin-She YangDr. Simon SherrattDr. Nilanjan DeyDr. Amit Joshi","2023","http://link.springer.com/book/10.1007/978-981-19-1607-6","Book"
"International Conference on Computing, Communication, Electrical and Biomedical Systems","EAI/Springer Innovations in Communication and Computing","","","","10.1007/978-3-030-86165-0","Dr. Arulmurugan RamuChow Chee OnnDr. M.G. Sumithra","2022","http://link.springer.com/book/10.1007/978-3-030-86165-0","Book"
"Advanced Intelligent Computing Technology and Applications","Lecture Notes in Computer Science","","","","10.1007/978-981-99-4755-3","De-Shuang HuangPrashan PremaratneBaohua JinBoyang QuKang-Hyun JoAbir Hussain","2023","http://link.springer.com/book/10.1007/978-981-99-4755-3","Book"
"Inventive Systems and Control","Lecture Notes in Networks and Systems","","","","10.1007/978-981-19-1012-8","Prof. V. SumaDr. Zubair BaigDr. Selvanayaki Kolandapalayam ShanmugamDr. Pascal Lorenz","2022","http://link.springer.com/book/10.1007/978-981-19-1012-8","Book"
"Hybrid Intelligent Systems","Lecture Notes in Networks and Systems","","","","10.1007/978-3-030-96305-7","Dr. Ajith AbrahamDr. Patrick SiarryDr. Vincenzo PiuriDr. Niketa GandhiDr. Gabriella CasalinoDr. Oscar CastilloDr. Patrick Hung","2022","http://link.springer.com/book/10.1007/978-3-030-96305-7","Book"
"Machine Intelligence and Data Science Applications","Lecture Notes on Data Engineering and Communications Technologies","","","","10.1007/978-981-19-2347-0","Prof. Vaclav SkalaProf. Dr. T. P. SinghDr. Tanupriya ChoudhuryDr. Ravi TomarDr. Md. Abul Bashar","2022","http://link.springer.com/book/10.1007/978-981-19-2347-0","Book"
"Progress in Artificial Intelligence","Lecture Notes in Computer Science","","","","10.1007/978-3-031-16474-3","Goreti MarreirosBruno MartinsAna PaivaBernardete RibeiroAlberto Sardinha","2022","http://link.springer.com/book/10.1007/978-3-031-16474-3","Book"
"Intelligent Systems and Sustainable Computing","Smart Innovation, Systems and Technologies","","","","10.1007/978-981-19-0011-2","Dr. V. Sivakumar ReddyDr. V. Kamakshi PrasadDr. D. N. Mallikarjuna RaoDr. Suresh Chandra Satapathy","2022","http://link.springer.com/book/10.1007/978-981-19-0011-2","Book"
"Advances in Engineering Research and Application","Lecture Notes in Networks and Systems","","","","10.1007/978-3-030-92574-1","Assoc. Prof. Duy Cuong NguyenAssoc. Prof. Ngoc Pi VuProf. Banh Tien LongProf. Dr. Horst PutaProf. Dr. Kai-Uwe Sattler","2022","http://link.springer.com/book/10.1007/978-3-030-92574-1","Book"
"Traffic Congestion Control by PDE Backstepping","Systems & Control: Foundations & Applications","","","","10.1007/978-3-031-19346-0","Huan YuMiroslav Krstic","2022","http://link.springer.com/book/10.1007/978-3-031-19346-0","Book"
"Computational Intelligence Methods for Green Technology and Sustainable Development","Lecture Notes in Networks and Systems","","","","10.1007/978-3-031-19694-2","Yo-Ping HuangWen-June WangHoang An QuocHieu-Giang LeHoai-Nam Quach","2023","http://link.springer.com/book/10.1007/978-3-031-19694-2","Book"
"Advances in Distributed Computing and Machine Learning","Lecture Notes in Networks and Systems","","","","10.1007/978-981-99-1203-2","Suchismita ChinaraAsis Kumar TripathyKuan-Ching LiJyoti Prakash SahooAlekha Kumar Mishra","2023","http://link.springer.com/book/10.1007/978-981-99-1203-2","Book"
"Practical Approach to Mammalian Cell and Organ Culture","","","","","10.1007/978-981-19-1731-8","Tapan Kumar MukherjeeParth MalikSrirupa Mukherjee","2023","http://link.springer.com/referencework/10.1007/978-981-19-1731-8","ReferenceWork"
"Rab GTPases","Methods in Molecular Biology","","","","10.1007/978-1-0716-1346-7","Dr. Guangpu LiNava Segev","2021","http://link.springer.com/book/10.1007/978-1-0716-1346-7","Book"
"International Conference on Innovative Computing and Communications","Lecture Notes in Networks and Systems","","","","10.1007/978-981-19-2821-5","Deepak GuptaAshish KhannaSiddhartha BhattacharyyaAboul Ella HassanienSameer AnandAjay Jaiswal","2023","http://link.springer.com/book/10.1007/978-981-19-2821-5","Book"
"Methods and Applications for Modeling and Simulation of Complex Systems","Communications in Computer and Information Science","","","","10.1007/978-981-99-7243-2","Fazilah HassanNoorhazirah SunarMohd Ariffanan Mohd BasriMohd Saiful Azimi MahmudMohamad Hafis Izran IshakMohamed Sultan Mohamed Ali","2024","http://link.springer.com/book/10.1007/978-981-99-7243-2","Book"
"Smart Cities","Communications in Computer and Information Science","","","","10.1007/978-3-030-96753-6","Prof. Dr. Sergio NesmachnowLuis Hernández Callejo","2022","http://link.springer.com/book/10.1007/978-3-030-96753-6","Book"
"Device-Edge-Cloud Continuum","Internet of Things","","","","10.1007/978-3-031-42194-5","Claudio SavaglioGiancarlo FortinoMengChu ZhouJianhua Ma","2024","http://link.springer.com/book/10.1007/978-3-031-42194-5","Book"
"ICT Analysis and Applications","Lecture Notes in Networks and Systems","","","","10.1007/978-981-16-5655-2","Dr. Simon FongDr. Nilanjan DeyDr. Amit Joshi","2022","http://link.springer.com/book/10.1007/978-981-16-5655-2","Book"
"Embedded Machine Learning for Cyber-Physical, IoT, and Edge Computing","","","","","10.1007/978-3-031-40677-5","Sudeep PasrichaMuhammad Shafique","2024","http://link.springer.com/book/10.1007/978-3-031-40677-5","Book"
"Machine Learning, Image Processing, Network Security and Data Sciences","Lecture Notes in Electrical Engineering","","","","10.1007/978-981-19-5868-7","Rajesh DoriyaBadal SoniAnupam ShuklaXiao-Zhi Gao","2023","http://link.springer.com/book/10.1007/978-981-19-5868-7","Book"
"Autonomous Intelligent Cyber Defense Agent (AICA)","Advances in Information Security","","","","10.1007/978-3-031-29269-9","Alexander Kott","2023","http://link.springer.com/book/10.1007/978-3-031-29269-9","Book"
"Proceedings of World Conference on Artificial Intelligence: Advances and Applications","Algorithms for Intelligent Systems","","","","10.1007/978-981-99-5881-8","Ashish Kumar TripathiDarpan AnandAtulya K. Nagar","2023","http://link.springer.com/book/10.1007/978-981-99-5881-8","Book"
"Intelligent Information and Database Systems","Lecture Notes in Computer Science","","","","10.1007/978-3-031-21967-2","Ngoc Thanh NguyenTien Khoa TranUalsher TukayevTzung-Pei HongBogdan TrawińskiEdward Szczerbicki","2022","http://link.springer.com/book/10.1007/978-3-031-21967-2","Book"
"Intelligent Data Engineering and Automated Learning – IDEAL 2023","Lecture Notes in Computer Science","","","","10.1007/978-3-031-48232-8","Paulo QuaresmaDavid CamachoHujun YinTeresa GonçalvesVicente JulianAntonio J. Tallón-Ballesteros","2023","http://link.springer.com/book/10.1007/978-3-031-48232-8","Book"
"Intelligent Human Centered Computing","Springer Tracts in Human-Centered Computing","","","","10.1007/978-981-99-3478-2","Siddhartha BhattacharyyaJyoti Sekhar BanerjeeDebashis DeMufti Mahmud","2023","http://link.springer.com/book/10.1007/978-981-99-3478-2","Book"
"Wireless Algorithms, Systems, and Applications","Lecture Notes in Computer Science","","","","10.1007/978-3-031-19211-1","Lei WangMichael SegalJenhui ChenTie Qiu","2022","http://link.springer.com/book/10.1007/978-3-031-19211-1","Book"
"Handbook of Engineering Systems Design","","","","","10.1007/978-3-030-81159-4","Anja MaierJosef OehmenPieter E. Vermaas","2022","http://link.springer.com/referencework/10.1007/978-3-030-81159-4","ReferenceWork"
"Automation 2023: Key Challenges in Automation, Robotics and Measurement Techniques","Lecture Notes in Networks and Systems","","","","10.1007/978-3-031-25844-2","Roman SzewczykCezary ZielińskiMałgorzata KaliczyńskaVytautas Bučinskas","2023","http://link.springer.com/book/10.1007/978-3-031-25844-2","Book"
"Intelligent Logistics Systems for Smart Cities and Communities","Lecture Notes in Intelligent Transportation and Infrastructure","","","","10.1007/978-3-030-81203-4","Prof. Roman Gumzej","2021","http://link.springer.com/book/10.1007/978-3-030-81203-4","Book"
"Handbook of Disease Burdens and Quality of Life Measures","","","","","10.1007/978-0-387-78665-0","Victor R. PreedyRonald R. Watson","2010","http://link.springer.com/referencework/10.1007/978-0-387-78665-0","ReferenceWork"
"New Trends in Disruptive Technologies, Tech Ethics and Artificial Intelligence","Advances in Intelligent Systems and Computing","","","","10.1007/978-3-030-87687-6","Juan F. de Paz SantanaDaniel H. de la IglesiaProf. Dr. Alfonso José López Rivero","2022","http://link.springer.com/book/10.1007/978-3-030-87687-6","Book"
"Innovation and Competitiveness in Industry 4.0 Based on Intelligent Systems","EAI/Springer Innovations in Communication and Computing","","","","10.1007/978-3-031-29775-5","Luis Carlos Méndez-GonzálezLuis Alberto Rodríguez-PicónIván Juan Carlos Pérez Olguín","2023","http://link.springer.com/book/10.1007/978-3-031-29775-5","Book"
"Inventive Communication and Computational Technologies","Lecture Notes in Networks and Systems","","","","10.1007/978-981-16-5529-6","Dr. G. RanganathanDr. Xavier FernandoDr. Fuqian Shi","2022","http://link.springer.com/book/10.1007/978-981-16-5529-6","Book"
"Communication and Intelligent Systems","Lecture Notes in Networks and Systems","","","","10.1007/978-981-99-2100-3","Harish SharmaVivek ShrivastavaKusum Kumari BhartiLipo Wang","2023","http://link.springer.com/book/10.1007/978-981-99-2100-3","Book"
"Enabling 6G Mobile Networks","","","","","10.1007/978-3-030-74648-3","Jonathan RodriguezChristos VerikoukisDr. John S. VardakasDr. Nikos Passas","2022","http://link.springer.com/book/10.1007/978-3-030-74648-3","Book"
"Simulation and Modeling Methodologies, Technologies and Applications","Lecture Notes in Networks and Systems","","","","10.1007/978-3-030-84811-8","Prof. Mohammad S. ObaidatTuncer OrenFloriano De Rango","2022","http://link.springer.com/book/10.1007/978-3-030-84811-8","Book"
"CPP, Cell-Penetrating Peptides","","","","","10.1007/978-3-031-38731-9","Ülo Langel","2023","http://link.springer.com/book/10.1007/978-3-031-38731-9","Book"
"Proceedings of the International Conference on Paradigms of Communication, Computing and Data Sciences","Algorithms for Intelligent Systems","","","","10.1007/978-981-16-5747-4","Dr. Mohit DuaDr. Ankit Kumar JainDr. Anupam YadavDr. Nitin KumarProf. Patrick Siarry","2022","http://link.springer.com/book/10.1007/978-981-16-5747-4","Book"
"The Semantic Web","Lecture Notes in Computer Science","","","","10.1007/978-3-030-77385-4","Ruben VerborghKatja HoseHeiko PaulheimPierre-Antoine ChampinMaria MaleshkovaOscar CorchoPetar RistoskiDr. Mehwish Alam","2021","http://link.springer.com/book/10.1007/978-3-030-77385-4","Book"
"Climate-Resilient Agriculture, Vol 1","","","","","10.1007/978-3-031-37424-1","Mirza Hasanuzzaman","2023","http://link.springer.com/book/10.1007/978-3-031-37424-1","Book"
"ICT Systems and Sustainability","Lecture Notes in Networks and Systems","","","","10.1007/978-981-99-5652-4","Milan TubaShyam AkasheAmit Joshi","2023","http://link.springer.com/book/10.1007/978-981-99-5652-4","Book"
"HCI International 2022 Posters","Communications in Computer and Information Science","","","","10.1007/978-3-031-06394-7","Prof. Constantine StephanidisDr. Margherita AntonaDr. Stavroula Ntoa","2022","http://link.springer.com/book/10.1007/978-3-031-06394-7","Book"
"Proceedings of the World Molecular Imaging Congress 2015, Honolulu, Hawaii, September 2-5, 2015: General Abstracts","Molecular Imaging and Biology","","18","1","10.1007/s11307-016-0969-2","","2016","http://link.springer.com/article/10.1007/s11307-016-0969-2","Article"
"Wireless Algorithms, Systems, and Applications","Lecture Notes in Computer Science","","","","10.1007/978-3-031-19208-1","Lei WangMichael SegalJenhui ChenTie Qiu","2022","http://link.springer.com/book/10.1007/978-3-031-19208-1","Book"
"Water Sustainability","Encyclopedia of Sustainability Science and Technology Series","","","","10.1007/978-1-0716-2466-1","Harry X. Zhang","2023","http://link.springer.com/referencework/10.1007/978-1-0716-2466-1","ReferenceWork"
"Advances in Information Technology in Civil and Building Engineering","Lecture Notes in Civil Engineering","","","","10.1007/978-3-031-32515-1","Sebastian SkatullaHans Beushausen","2023","http://link.springer.com/book/10.1007/978-3-031-32515-1","Book"
"Smart Computing Techniques and Applications","Smart Innovation, Systems and Technologies","","","","10.1007/978-981-16-0878-0","Dr. Suresh Chandra SatapathyDr. Vikrant BhatejaProf. Margarita N. FavorskayaDr. T. Adilakshmi","2021","http://link.springer.com/book/10.1007/978-981-16-0878-0","Book"
"Inventive Communication and Computational Technologies","Lecture Notes in Networks and Systems","","","","10.1007/978-981-15-0146-3","Prof. G. RanganathanDr. Joy ChenProf. Álvaro Rocha","2020","http://link.springer.com/book/10.1007/978-981-15-0146-3","Book"
"Proceedings of Seventh International Congress on Information and Communication Technology","Lecture Notes in Networks and Systems","","","","10.1007/978-981-19-1610-6","Dr. Xin-She YangDr. Simon SherrattDr. Nilanjan DeyDr. Amit Joshi","2023","http://link.springer.com/book/10.1007/978-981-19-1610-6","Book"
"Voltage-Gated Calcium Channels","","","","","10.1007/978-3-031-08881-0","Gerald Werner ZamponiNorbert Weiss","2022","http://link.springer.com/book/10.1007/978-3-031-08881-0","Book"
"Next Generation of Internet of Things","Lecture Notes in Networks and Systems","","","","10.1007/978-981-19-1412-6","Raghvendra KumarPrasant Kumar PattnaikJoão Manuel R. S. Tavares","2023","http://link.springer.com/book/10.1007/978-981-19-1412-6","Book"
"Artificial Intelligence and Cognitive Science","Communications in Computer and Information Science","","","","10.1007/978-3-031-26438-2","Luca LongoRuairi O’Reilly","2023","http://link.springer.com/book/10.1007/978-3-031-26438-2","Book"
"Digital Business and Intelligent Systems","Communications in Computer and Information Science","","","","10.1007/978-3-031-09850-5","Prof. Mirjana IvanovicProf. Dr. Marite KirikovaLaila Niedrite","2022","http://link.springer.com/book/10.1007/978-3-031-09850-5","Book"
"Information Systems and Technologies","Lecture Notes in Networks and Systems","","","","10.1007/978-3-031-04829-6","Alvaro RochaDr. Hojjat AdeliDr. Gintautas DzemydaProf. Fernando Moreira","2022","http://link.springer.com/book/10.1007/978-3-031-04829-6","Book"
"Phytochromes","Methods in Molecular Biology","","","","10.1007/978-1-4939-9612-4","Andreas Hiltbrunner","2019","http://link.springer.com/book/10.1007/978-1-4939-9612-4","Book"
"Advancements in Interdisciplinary Research","Communications in Computer and Information Science","","","","10.1007/978-3-031-23724-9","Vijayan SugumaranDivya UpadhyayShanu Sharma","2022","http://link.springer.com/book/10.1007/978-3-031-23724-9","Book"
"Proceedings of International Conference on Recent Innovations in Computing","Lecture Notes in Electrical Engineering","","","","10.1007/978-981-99-0601-7","Yashwant SinghChaman VermaIllés ZoltánJitender Kumar ChhabraPradeep Kumar Singh","2023","http://link.springer.com/book/10.1007/978-981-99-0601-7","Book"
"Internet of Things and Connected Technologies","Lecture Notes in Networks and Systems","","","","10.1007/978-3-030-94507-7","Rajiv MisraNishtha KesswaniMuttukrishnan RajarajanBharadwaj VeeravalliAshok Patel","2022","http://link.springer.com/book/10.1007/978-3-030-94507-7","Book"
"Agents and Multi-Agent Systems: Technologies and Applications 2022","Smart Innovation, Systems and Technologies","","","","10.1007/978-981-19-3359-2","Gordan JezicYun-Heh Jessica Chen-BurgerMario KusekRoman ŠperkaRobert J. HowlettLakhmi C. Jain","2022","http://link.springer.com/book/10.1007/978-981-19-3359-2","Book"
"Proceedings of International Joint Conference on Advances in Computational Intelligence","Algorithms for Intelligent Systems","","","","10.1007/978-981-99-1435-7","Mohammad Shorif UddinJagdish Chand Bansal","2023","http://link.springer.com/book/10.1007/978-981-99-1435-7","Book"
"Obesity and Diabetes","","","","","10.1007/978-3-030-53370-0","Prof. Dr. Joel FaintuchDr. Salomão Faintuch","2020","http://link.springer.com/book/10.1007/978-3-030-53370-0","Book"
"Edge Analytics","Lecture Notes in Electrical Engineering","","","","10.1007/978-981-19-0019-8","Dr. Ripon PatgiriProf. Sivaji BandyopadhyayDr. Malaya Dutta BorahDr. Valentina Emilia Balas","2022","http://link.springer.com/book/10.1007/978-981-19-0019-8","Book"
"Proceedings of 3rd International Conference on Artificial Intelligence: Advances and Applications","Algorithms for Intelligent Systems","","","","10.1007/978-981-19-7041-2","Garima MathurMahesh BundeleAshish TripathiMarcin Paprzycki","2023","http://link.springer.com/book/10.1007/978-981-19-7041-2","Book"
"Expert Clouds and Applications","Lecture Notes in Networks and Systems","","","","10.1007/978-981-99-1745-7","I. Jeena JacobSelvanayaki Kolandapalayam ShanmugamIvan Izonin","2023","http://link.springer.com/book/10.1007/978-981-99-1745-7","Book"
"The Diabetes Textbook","","","","","10.1007/978-3-031-25519-9","Joel Rodriguez-Saldana","2023","http://link.springer.com/book/10.1007/978-3-031-25519-9","Book"
"Intelligent Data Engineering and Analytics","Smart Innovation, Systems and Technologies","","","","10.1007/978-981-19-7524-0","Vikrant BhatejaXin-She YangJerry Chun-Wei LinRanjita Das","2023","http://link.springer.com/book/10.1007/978-981-19-7524-0","Book"
"Automation 2022: New Solutions and Technologies for Automation, Robotics and Measurement Techniques","Advances in Intelligent Systems and Computing","","","","10.1007/978-3-031-03502-9","Prof. Dr. Roman SzewczykProf. Dr. Cezary ZielińskiMałgorzata Kaliczyńska","2022","http://link.springer.com/book/10.1007/978-3-031-03502-9","Book"
"Computer Vision – ECCV 2022","Lecture Notes in Computer Science","","","","10.1007/978-3-031-19842-7","Shai AvidanGabriel BrostowMoustapha CisséGiovanni Maria FarinellaTal Hassner","2022","http://link.springer.com/book/10.1007/978-3-031-19842-7","Book"
"Intelligent Transport Systems","Lecture Notes of the Institute for Computer Sciences, Social Informatics and Telecommunications Engineering","","","","10.1007/978-3-031-30855-0","Ana Lucia MartinsJoao C. FerreiraAlexander KocianUlpan Tokkozhina","2023","http://link.springer.com/book/10.1007/978-3-031-30855-0","Book"
"New Trends in Database and Information Systems","Communications in Computer and Information Science","","","","10.1007/978-3-031-15743-1","Silvia ChiusanoTania CerquitelliRobert WrembelKjetil NørvågBarbara CataniaGenoveva Vargas-SolarEster Zumpano","2022","http://link.springer.com/book/10.1007/978-3-031-15743-1","Book"
"Inventive Systems and Control","Lecture Notes in Networks and Systems","","","","10.1007/978-981-99-1624-5","V. SumaPascal LorenzZubair Baig","2023","http://link.springer.com/book/10.1007/978-981-99-1624-5","Book"
"HCI in Mobility, Transport, and Automotive Systems","Lecture Notes in Computer Science","","","","10.1007/978-3-030-22666-4","Prof. Dr. Heidi Krömker","2019","http://link.springer.com/book/10.1007/978-3-030-22666-4","Book"
"Proceedings of Third Doctoral Symposium on Computational Intelligence","Lecture Notes in Networks and Systems","","","","10.1007/978-981-19-3148-2","Ashish KhannaDeepak GuptaVineet KansalGiancarlo FortinoAboul Ella Hassanien","2023","http://link.springer.com/book/10.1007/978-981-19-3148-2","Book"
"Advanced Communication and Intelligent Systems","Communications in Computer and Information Science","","","","10.1007/978-3-031-25088-0","Rabindra Nath ShawMarcin PaprzyckiAnkush Ghosh","2023","http://link.springer.com/book/10.1007/978-3-031-25088-0","Book"
"Advanced Solutions and Practical Applications in Road Traffic Engineering","Lecture Notes in Networks and Systems","","","","10.1007/978-3-031-22359-4","Elżbieta MacioszekAnna GranàGrzegorz Sierpiński","2023","http://link.springer.com/book/10.1007/978-3-031-22359-4","Book"
"Protein Aggregation","Methods in Molecular Biology","","","","10.1007/978-1-0716-2597-2","Andrzej Stanisław Cieplak","2023","http://link.springer.com/book/10.1007/978-1-0716-2597-2","Book"
"Handbook of Oxidative Stress in Cancer: Mechanistic Aspects","","","","","10.1007/978-981-15-9411-3","Prof. Sajal ChakrabortiDr. Bimal K. RayDr. Susanta Roychoudhury","2022","http://link.springer.com/referencework/10.1007/978-981-15-9411-3","ReferenceWork"
"Computer Science and Education","Communications in Computer and Information Science","","","","10.1007/978-981-99-2443-1","Wenxing HongYang Weng","2023","http://link.springer.com/book/10.1007/978-981-99-2443-1","Book"
"Quality of Information and Communications Technology","Communications in Computer and Information Science","","","","10.1007/978-3-031-14179-9","Antonio VallecilloJoost VisserRicardo Pérez-Castillo","2022","http://link.springer.com/book/10.1007/978-3-031-14179-9","Book"
"Estrogen Receptors","Methods in Molecular Biology","","","","10.1007/978-1-0716-1920-9","Kathleen M. Eyster","2022","http://link.springer.com/book/10.1007/978-1-0716-1920-9","Book"
"Multi-Agent-Based Simulation XXII","Lecture Notes in Computer Science","","","","10.1007/978-3-030-94548-0","Dr. Koen H. Van DamNicolas Verstaevel","2022","http://link.springer.com/book/10.1007/978-3-030-94548-0","Book"
"Software Architecture","Communications in Computer and Information Science","","","","10.1007/978-3-030-59155-7","Henry MucciniParis AvgeriouDr. Barbora BuhnovaJavier CamaraMauro CaporuscioMirco FranzagoAnne KoziolekDr. Patrizia ScandurraCatia TrubianiDanny WeynsUwe Zdun","2020","http://link.springer.com/book/10.1007/978-3-030-59155-7","Book"
"Cyber-Physical Systems and Control II","Lecture Notes in Networks and Systems","","","","10.1007/978-3-031-20875-1","Dmitry G. ArsenievNabil Aouf","2023","http://link.springer.com/book/10.1007/978-3-031-20875-1","Book"
"Advances in Industrial Internet of Things, Engineering and Management","EAI/Springer Innovations in Communication and Computing","","","","10.1007/978-3-030-69705-1","Dagmar CagáňováNatália HorňákováAndy PuscaDr. Pedro Filipe Cunha","2021","http://link.springer.com/book/10.1007/978-3-030-69705-1","Book"
"Agricultural Biotechnology: Latest Research and Trends","","","","","10.1007/978-981-16-2339-4","Dr. Dinesh Kumar SrivastavaDr. Ajay Kumar ThakurDr. Pankaj Kumar","2021","http://link.springer.com/book/10.1007/978-981-16-2339-4","Book"
"Intelligent Computing Theories and Application","Lecture Notes in Computer Science","","","","10.1007/978-3-030-84529-2","De-Shuang HuangProf. Kang-Hyun JoJianqiang LiValeriya GribovaDr. Abir Hussain","2021","http://link.springer.com/book/10.1007/978-3-030-84529-2","Book"
"Information Technology and Systems","Advances in Intelligent Systems and Computing","","","","10.1007/978-3-030-68285-9","Prof. Álvaro RochaProf. Carlos FerrásProf. Paulo Carlos López-LópezProf. Teresa Guarda","2021","http://link.springer.com/book/10.1007/978-3-030-68285-9","Book"
"Computer Vision and Robotics","Algorithms for Intelligent Systems","","","","10.1007/978-981-19-7892-0","Praveen Kumar ShuklaKrishna Pratap SinghAshish Kumar TripathiAndries Engelbrecht","2023","http://link.springer.com/book/10.1007/978-981-19-7892-0","Book"
"Pharmacology of Potassium Channels","Handbook of Experimental Pharmacology","","","","10.1007/978-3-030-84052-5","Nikita GamperKeWei Wang","2021","http://link.springer.com/book/10.1007/978-3-030-84052-5","Book"
"Neural Information Processing","Communications in Computer and Information Science","","","","10.1007/978-981-99-8184-7","Biao LuoLong ChengZheng-Guang WuHongyi LiChaojie Li","2024","http://link.springer.com/book/10.1007/978-981-99-8184-7","Book"
"19. Internationales Stuttgarter Symposium","Proceedings","","","","10.1007/978-3-658-25939-6","Prof. Dr. Michael BargendeProf. Dr. Hans-Christian ReussProf. Dr. Andreas WagnerProf. Dr. Jochen Wiedemann","2019","http://link.springer.com/book/10.1007/978-3-658-25939-6","Book"
"Encyclopedia of Business and Professional Ethics","","","","","10.1007/978-3-030-22767-8","Deborah C. PoffAlex C. Michalos","2023","http://link.springer.com/referencework/10.1007/978-3-030-22767-8","ReferenceWork"
"Algorithms and Solutions Based on Computer Technology","Lecture Notes in Networks and Systems","","","","10.1007/978-3-030-93872-7","Prof. Dr. Carlos JahnProf. Dr. László UngváriProf. Dr. Igor Ilin","2022","http://link.springer.com/book/10.1007/978-3-030-93872-7","Book"
"Advances in Data and Information Sciences","Lecture Notes in Networks and Systems","","","","10.1007/978-981-16-5689-7","Prof. Shailesh TiwariDr. Munesh C. TrivediProf. Mohan Lal KolheDr. K.K. MishraDr. Brajesh Kumar Singh","2022","http://link.springer.com/book/10.1007/978-981-16-5689-7","Book"
"Soft Computing and Signal Processing","Advances in Intelligent Systems and Computing","","","","10.1007/978-981-16-1249-7","Dr. V. Sivakumar ReddyDr. V. Kamakshi PrasadJiacun WangDr. K. T. V. Reddy","2022","http://link.springer.com/book/10.1007/978-981-16-1249-7","Book"
"Computational Science – ICCS 2022","Lecture Notes in Computer Science","","","","10.1007/978-3-031-08754-7","Derek GroenClélia de MulatierProf. Maciej PaszynskiDr. Valeria V. KrzhizhanovskayaProf. Jack J. DongarraProf. Dr. Peter M. A. Sloot","2022","http://link.springer.com/book/10.1007/978-3-031-08754-7","Book"
"Plant Ecology","","","","","10.1007/978-3-662-56233-8","Prof. Dr. Ernst-Detlef SchulzeProf. Dr. Erwin BeckDr. Nina BuchmannStephan ClemensProf. Dr. Klaus Müller-HohensteinProf. Dr. Michael Scherer-Lorenzen","2019","http://link.springer.com/book/10.1007/978-3-662-56233-8","Book"
"Advances on P2P, Parallel, Grid, Cloud and Internet Computing","Lecture Notes in Networks and Systems","","","","10.1007/978-3-030-89899-1","Prof. Leonard Barolli","2022","http://link.springer.com/book/10.1007/978-3-030-89899-1","Book"
"Handbook of Porous Carbon Materials","Materials Horizons: From Nature to Nanomaterials","","","","10.1007/978-981-19-7188-4","Andrews Nirmala GracePrashant SonarPreetam BhardwajArghya Chakravorty","2023","http://link.springer.com/book/10.1007/978-981-19-7188-4","Book"
"Marketing Dynamism & Sustainability: Things Change, Things Stay the Same…","Developments in Marketing Science: Proceedings of the Academy of Marketing Science","","","","10.1007/978-3-319-10912-1","Leroy Robinson Jr.","2015","http://link.springer.com/book/10.1007/978-3-319-10912-1","Book"
"Handbook of Oxidative Stress in Cancer: Therapeutic Aspects","","","","","10.1007/978-981-16-5422-0","Sajal Chakraborti","2022","http://link.springer.com/referencework/10.1007/978-981-16-5422-0","ReferenceWork"
"New Developments and Environmental Applications of Drones","","","","","10.1007/978-3-030-77860-6","Tarmo LippingPetri LinnaNathaniel Narra","2022","http://link.springer.com/book/10.1007/978-3-030-77860-6","Book"
"Biomedical Engineering Technologies","Methods in Molecular Biology","","","","10.1007/978-1-0716-1811-0","Avraham RasoolyHouston BakerPh.D. Miguel R. Ossandon","2022","http://link.springer.com/book/10.1007/978-1-0716-1811-0","Book"
"S","Encyclopedia of Neuroscience","","","","10.1007/978-3-540-29678-2_19","Charles A. ScudderLawrence MaysGunnar TobinElisabeth EhlerEdward L. KellerAdonis MoschovakisEdward L. KellerEdward L. KellerXintian HuDavid L. SparksAdonis MoschovakisAlexej GrantynMark M. G. WaltonDavid L. SparksXintian HuAdonis Moschovakis","2009","http://link.springer.com/referenceworkentry/10.1007/978-3-540-29678-2_19","ReferenceWorkEntry"
"Computational Intelligence Methods for Bioinformatics and Biostatistics","Lecture Notes in Computer Science","","","","10.1007/978-3-030-34585-3","Prof. Maria RaposoPaulo RibeiroSusana SérioProf. Antonino StaianoProf. Angelo Ciaramella","2020","http://link.springer.com/book/10.1007/978-3-030-34585-3","Book"
"Advances in Data Computing, Communication and Security","Lecture Notes on Data Engineering and Communications Technologies","","","","10.1007/978-981-16-8403-6","Dr. Pankaj VermaDr. Chhagan CharanProf. Xavier FernandoDr. Subramaniam Ganesan","2022","http://link.springer.com/book/10.1007/978-981-16-8403-6","Book"
"The Semantic Web – ISWC 2019","Lecture Notes in Computer Science","","","","10.1007/978-3-030-30793-6","Chiara GhidiniOlaf HartigMaria MaleshkovaVojtěch SvátekIsabel CruzAidan HoganJie SongMaxime LefrançoisDr. Fabien Gandon","2019","http://link.springer.com/book/10.1007/978-3-030-30793-6","Book"
"Abstracts of the IDF Congress in Paris 2003","Diabetologia","","46","2","10.1007/s00125-003-1190-9","","2003","http://link.springer.com/article/10.1007/s00125-003-1190-9","Article"
"Information Systems","Lecture Notes in Business Information Processing","","","","10.1007/978-3-031-30694-5","Maria PapadakiPaulo Rupino da CunhaMarinos ThemistocleousKlitos Christodoulou","2023","http://link.springer.com/book/10.1007/978-3-031-30694-5","Book"
"Computer Information Systems and Industrial Management","Lecture Notes in Computer Science","","","","10.1007/978-3-031-42823-4","Khalid SaeedJiří DvorskýNobuyuki NishiuchiMakoto Fukumoto","2023","http://link.springer.com/book/10.1007/978-3-031-42823-4","Book"
"Innovation-Driven Business and Sustainability in the Tropics","","","","","10.1007/978-981-99-2909-2","Emiel L. EijdenbergMalobi MukherjeeJacob Wood","2023","http://link.springer.com/book/10.1007/978-981-99-2909-2","Book"
"Protocols in Advanced Genomics and Allied Techniques","Springer Protocols Handbooks","","","","10.1007/978-1-0716-1818-9","Aruna Pal","2022","http://link.springer.com/book/10.1007/978-1-0716-1818-9","Book"
"Intelligent Data Engineering and Analytics","Smart Innovation, Systems and Technologies","","","","10.1007/978-981-99-6706-3","Vikrant BhatejaFiona CarrollJoão Manuel R. S. TavaresSandeep Singh SengarPeter Peer","2023","http://link.springer.com/book/10.1007/978-981-99-6706-3","Book"
"Progress in Botany Vol. 83","Progress in Botany","","","","10.1007/978-3-031-12782-3","Ulrich LüttgeFrancisco M. CánovasMaría-Carmen RisueñoChristoph LeuschnerHans Pretzsch","2023","http://link.springer.com/book/10.1007/978-3-031-12782-3","Book"
"Abstracts of 52nd EASD Annual Meeting","Diabetologia","","59","1","10.1007/s00125-016-4046-9","","2016","http://link.springer.com/article/10.1007/s00125-016-4046-9","Article"
"Proceedings of the International Health Informatics Conference","Lecture Notes in Electrical Engineering","","","","10.1007/978-981-19-9090-8","Sarika JainSven GroppeNandana Mihindukulasooriya","2023","http://link.springer.com/book/10.1007/978-981-19-9090-8","Book"
"Supercomputing","Communications in Computer and Information Science","","","","10.1007/978-3-030-92864-3","Prof. Vladimir VoevodinSergey Sobolev","2021","http://link.springer.com/book/10.1007/978-3-030-92864-3","Book"
"Perspectives and Trends in Education and Technology","Smart Innovation, Systems and Technologies","","","","10.1007/978-981-16-5063-5","Dr. Anabela MesquitaProf. Dr. António AbreuProf. João Vidal Carvalho","2022","http://link.springer.com/book/10.1007/978-981-16-5063-5","Book"
"Futuristic Communication and Network Technologies","Lecture Notes in Electrical Engineering","","","","10.1007/978-981-19-9748-8","N. SubhashiniMorris. A. G. EzraShien-Kuei Liaw","2023","http://link.springer.com/book/10.1007/978-981-19-9748-8","Book"
"Introduction to the Light-Emitting Diode","Synthesis Lectures on Materials and Optics","","","","10.1007/978-3-031-30716-4","Hisashi Masui","2023","http://link.springer.com/book/10.1007/978-3-031-30716-4","Book"
"Abstracts 2007","Diabetologia","","50","1","10.1007/s00125-007-0809-7","","2007","http://link.springer.com/article/10.1007/s00125-007-0809-7","Article"
"Sustainable Supply Chains","Springer Series in Supply Chain Management","","","","10.1007/978-3-319-29791-0","Yann BoucheryCharles J. CorbettJan C. FransooTarkan Tan","2017","http://link.springer.com/book/10.1007/978-3-319-29791-0","Book"
"Commercial Vehicle Technology 2020/2021","Proceedings","","","","10.1007/978-3-658-29717-6","Prof. Dr. Karsten BernsDr. Klaus DresslerRalf KalmarDr. Nicole StephanProf. Dr. Roman TeutschDr. Martin Thul","2021","http://link.springer.com/book/10.1007/978-3-658-29717-6","Book"
"Lipoproteins in Diabetes Mellitus","Contemporary Diabetes","","","","10.1007/978-3-031-26681-2","Alicia J. JenkinsPeter P. Toth","2023","http://link.springer.com/book/10.1007/978-3-031-26681-2","Book"
"23. Internationales Stuttgarter Symposium","Proceedings","","","","10.1007/978-3-658-42236-3","André Casal KulzerHans-Christian ReussAndreas Wagner","2023","http://link.springer.com/book/10.1007/978-3-658-42236-3","Book"
"Pediatric Neurogastroenterology","","","","","10.1007/978-3-031-15229-0","Christophe FaureNikhil ThaparCarlo Di Lorenzo","2022","http://link.springer.com/book/10.1007/978-3-031-15229-0","Book"
"Leveraging Applications of Formal Methods, Verification and Validation","Lecture Notes in Computer Science","","","","10.1007/978-3-030-89159-6","Tiziana MargariaProf. Dr. Bernhard Steffen","2021","http://link.springer.com/book/10.1007/978-3-030-89159-6","Book"
"Smart IoT for Research and Industry","EAI/Springer Innovations in Communication and Computing","","","","10.1007/978-3-030-71485-7","Melody MohKanta Prasad SharmaDr. Rashmi AgrawalProf. Vicente Garcia Diaz","2022","http://link.springer.com/book/10.1007/978-3-030-71485-7","Book"
"Web Information Systems and Applications","Lecture Notes in Computer Science","","","","10.1007/978-981-99-6222-8","Long YuanShiyu YangRuixuan LiEvangelos KanoulasXiang Zhao","2023","http://link.springer.com/book/10.1007/978-981-99-6222-8","Book"
"Minutes of The 43rd General Assembly of The European Association for The Study of Diabetes","Diabetologia","","51","1","10.1007/s00125-008-1117-6","","2008","http://link.springer.com/article/10.1007/s00125-008-1117-6","Article"
"18. Internationales Stuttgarter Symposium","Proceedings","","","","10.1007/978-3-658-21194-3","Prof. Dr. Michael BargendeProf. Dr. Hans-Christian ReussProf. Dr. Jochen Wiedemann","2018","http://link.springer.com/book/10.1007/978-3-658-21194-3","Book"
"22. Internationales Stuttgarter Symposium","Proceedings","","","","10.1007/978-3-658-37011-4","Prof. Dr. Michael BargendeProf. Dr. Hans-Christian ReussProf. Dr. Andreas Wagner","2022","http://link.springer.com/book/10.1007/978-3-658-37011-4","Book"
"Short-term travel-time prediction on highway: A review on model-based approach","KSCE Journal of Civil Engineering","","22","1","10.1007/s12205-017-0535-8","Simon OhYoung-Ji ByonKitae JangHwasoo Yeo","2018","http://link.springer.com/article/10.1007/s12205-017-0535-8","Article"
"Plant Proteases and Plant Cell Death","Methods in Molecular Biology","","","","10.1007/978-1-0716-2079-3","Marina KlemenčičSimon StaelProf. Dr. Pitter F. Huesgen","2022","http://link.springer.com/book/10.1007/978-1-0716-2079-3","Book"
"Scientific Abstracts","Reproductive Sciences","","22","1","10.1177/1933719115579631","","2015","http://link.springer.com/article/10.1177/1933719115579631","Article"
"Service-Oriented Computing – ICSOC 2021 Workshops","Lecture Notes in Computer Science","","","","10.1007/978-3-031-14135-5","Hakim HacidMonther AldwairiMohamed Reda BouadjenekMarinella PetrocchiNoura FaciFatma OutayAmin BeheshtiLauritz ThamsenHai Dong","2022","http://link.springer.com/book/10.1007/978-3-031-14135-5","Book"
"New Perspectives on Enterprise Decision-Making Applying Artificial Intelligence Techniques","Studies in Computational Intelligence","","","","10.1007/978-3-030-71115-3","Dr. Julian Andres Zapata-CortesDr. Giner Alor-HernándezDr. Cuauhtémoc Sánchez-RamírezDr. Jorge Luis García-Alcaraz","2021","http://link.springer.com/book/10.1007/978-3-030-71115-3","Book"
"High Performance Computing","Communications in Computer and Information Science","","","","10.1007/978-3-031-04209-6","Isidoro GitlerCarlos Jaime Barrios HernándezEsteban Meneses","2022","http://link.springer.com/book/10.1007/978-3-031-04209-6","Book"
"Learning and Career Development in Neurosurgery","","","","","10.1007/978-3-031-02078-0","Ahmed Ammar","2022","http://link.springer.com/book/10.1007/978-3-031-02078-0","Book"
"State-of-the-art automobile emissions models and applications in North America and Europe for sustainable transportation","KSCE Journal of Civil Engineering","","20","3","10.1007/s12205-016-1682-z","Sangjun ParkJung-beom LeeChungwon Lee","2016","http://link.springer.com/article/10.1007/s12205-016-1682-z","Article"
"38th EASD Annual Meeting of the European Association for the Study of Diabetes","Diabetologia","","45","2","10.1007/BF03375460","","2002","http://link.springer.com/article/10.1007/BF03375460","Article"
"Current Trends in Web Engineering","Communications in Computer and Information Science","","","","10.1007/978-3-031-25380-5","Giuseppe AgapitoAnna BernasconiCinzia CappielloHasan Ali KhattakInYoung KoGiuseppe LosetoMichael MrissaLuca NanniPietro PinoliAzzurra RagoneMichele RutaFloriano SciosciaAbhishek Srivastava","2023","http://link.springer.com/book/10.1007/978-3-031-25380-5","Book"
"54th EASD Annual Meeting of the European Association for the Study of Diabetes","Diabetologia","","61","1","10.1007/s00125-018-4693-0","","2018","http://link.springer.com/article/10.1007/s00125-018-4693-0","Article"
"S","StarBriefs Plus","","","","10.1007/978-0-306-48603-6_19","André Heck","2004","http://link.springer.com/chapter/10.1007/978-0-306-48603-6_19","Chapter"
"Rhizobiology: Molecular Physiology of Plant Roots","Signaling and Communication in Plants","","","","10.1007/978-3-030-84985-6","Dr. Soumya MukherjeeProf. František Baluška","2021","http://link.springer.com/book/10.1007/978-3-030-84985-6","Book"
"Applicable Formal Methods for Safe Industrial Products","Lecture Notes in Computer Science","","","","10.1007/978-3-031-40132-9","Anne E. HaxthausenWen-ling HuangMarkus Roggenbach","2023","http://link.springer.com/book/10.1007/978-3-031-40132-9","Book"
"Epitranscriptomics","RNA Technologies","","","","10.1007/978-3-030-71612-7","Prof. Dr. Stefan JurgaProf. Dr. Jan Barciszewski","2021","http://link.springer.com/book/10.1007/978-3-030-71612-7","Book"
"22. Internationales Stuttgarter Symposium","Proceedings","","","","10.1007/978-3-658-37009-1","Michael BargendeHans-Christian ReussAndreas Wagner","2022","http://link.springer.com/book/10.1007/978-3-658-37009-1","Book"
"Multi-Agent Systems","Lecture Notes in Computer Science","","","","10.1007/978-3-031-20614-6","Dorothea BaumeisterJörg Rothe","2022","http://link.springer.com/book/10.1007/978-3-031-20614-6","Book"
"Abstracts of the 26th Annual Conference of APASL, February 15–19, 2017, Shanghai, China","Hepatology International","","11","1","10.1007/s12072-016-9783-9","","2017","http://link.springer.com/article/10.1007/s12072-016-9783-9","Article"
"Robotics in Education","Lecture Notes in Networks and Systems","","","","10.1007/978-3-031-38454-7","Richard BaloghDavid ObdržálekEftychios Christoforou","2023","http://link.springer.com/book/10.1007/978-3-031-38454-7","Book"
"High-resolution impacts of green areas on air quality in Madrid","Air Quality, Atmosphere & Health","","16","1","10.1007/s11869-022-01263-3","Roberto San JoseJuan L. Perez-Camanyo","2023","http://link.springer.com/article/10.1007/s11869-022-01263-3","Article"
"Abstracts of the 37th Annual Meeting of the EASD Glasgow, United Kingdom, 9–13 September 2001","Diabetologia","","44","1","10.1007/BF03180172","","2001","http://link.springer.com/article/10.1007/BF03180172","Article"
"Abstracts from the 37th Congress of the Société Internationale d’Urologie, Centro de Congressos de Lisboa, October 19-22, 2017","World Journal of Urology","","35","1","10.1007/s00345-017-2090-9","","2017","http://link.springer.com/article/10.1007/s00345-017-2090-9","Article"
"Atlas of Dermatology, Dermatopathology and Venereology","","","","","10.1007/978-3-319-53808-2","MD Bruce SmollerNooshin Bagherani","2022","http://link.springer.com/referencework/10.1007/978-3-319-53808-2","ReferenceWork"
"21st Century Sports","Future of Business and Finance","","","","10.1007/978-3-030-50801-2","Prof. Dr. Sascha L. Schmidt","2020","http://link.springer.com/book/10.1007/978-3-030-50801-2","Book"
"ESICM LIVES 2020","Intensive Care Medicine Experimental","","8","2","10.1186/s40635-020-00354-8","","2020","http://link.springer.com/article/10.1186/s40635-020-00354-8","Article"
"Fungi and Fungal Products in Human Welfare and Biotechnology","","","","","10.1007/978-981-19-8853-0","Tulasi SatyanarayanaSunil Kumar Deshmukh","2023","http://link.springer.com/book/10.1007/978-981-19-8853-0","Book"
"State-of-art review of traffic signal control methods: challenges and opportunities","European Transport Research Review","","12","1","10.1186/s12544-020-00439-1","Syed Shah Sultan Mohiuddin QadriMahmut Ali GökçeErdinç Öner","2020","http://link.springer.com/article/10.1186/s12544-020-00439-1","Article"
"The Use of LES CFD Urban Models and Mesoscale Air Quality Models for Urban Air Quality Simulations","Environmental Protection and Disaster Risks","","","","10.1007/978-3-030-70190-1_13","R. San JoseJ. L. PérezR. M. Gonzalez-Barras","2021","http://link.springer.com/chapter/10.1007/978-3-030-70190-1_13","Chapter"
"Analysis of the impact of information about future driving situations on the energy consumption","18. Internationales Stuttgarter Symposium","","","","10.1007/978-3-658-21194-3_32","Tobias SchürmannD. GörkeS. SchmiedlerJ. StrenkertK.A. BöhmMichael Bargende","2018","http://link.springer.com/chapter/10.1007/978-3-658-21194-3_32","Chapter"
"Traffic Optimization by Local Bacterial Memetic Algorithm","Computational Collective Intelligence","","","","10.1007/978-3-031-41456-5_37","Szilárd KovácsZoltán BartaJános Botzheim","2023","http://link.springer.com/chapter/10.1007/978-3-031-41456-5_37","Chapter"
"Environmental Responses in Plants","Methods in Molecular Biology","","","","10.1007/978-1-0716-2297-1","Paula DuqueDóra Szakonyi","2022","http://link.springer.com/book/10.1007/978-1-0716-2297-1","Book"
"Catalogue of Minor Planet Names and Discovery Circumstances","Dictionary of Minor Planet Names","","","","10.1007/978-3-642-29718-2_2","Dr. Lutz D. Schmadel","2012","http://link.springer.com/chapter/10.1007/978-3-642-29718-2_2","Chapter"
"11th International Congress on Amino Acids, Peptides and Proteins","Amino Acids","","37","1","10.1007/s00726-009-0320-1","","2009","http://link.springer.com/article/10.1007/s00726-009-0320-1","Article"
"Foundations of Robotics","","","","","10.1007/978-981-19-1983-1","Damith HerathDavid St-Onge","2022","http://link.springer.com/book/10.1007/978-981-19-1983-1","Book"
"Posters","Knee Surgery, Sports Traumatology, Arthroscopy","","18","1","10.1007/s00167-010-1119-z","","2010","http://link.springer.com/article/10.1007/s00167-010-1119-z","Article"
"21. Internationales Stuttgarter Symposium","Proceedings","","","","10.1007/978-3-658-33521-2","Prof. Dr. Michael BargendeProf. Dr. Hans-Christian ReussProf. Dr. Andreas Wagner","2021","http://link.springer.com/book/10.1007/978-3-658-33521-2","Book"
"Bioinformatics","Computational Biology","","","","10.1007/978-3-030-45607-8","Jeremy Ramsden","2023","http://link.springer.com/book/10.1007/978-3-030-45607-8","Book"
"Bioprocess and Analytics Development for Virus-based Advanced Therapeutics and Medicinal Products (ATMPs)","","","","","10.1007/978-3-031-28489-2","Saurabh GautamAbhilash I. ChiramelRoland Pach","2023","http://link.springer.com/book/10.1007/978-3-031-28489-2","Book"
"Abstracts","Diabetologia","","48","1","10.1007/s00125-005-1909-x","","2005","http://link.springer.com/article/10.1007/s00125-005-1909-x","Article"
"Cell Culture Engineering and Technology","Cell Engineering","","","","10.1007/978-3-030-79871-0","Prof. Dr. Ralf Pörtner","2021","http://link.springer.com/book/10.1007/978-3-030-79871-0","Book"
"Translational Research Methods in Neurodevelopmental Disorders","Neuromethods","","","","10.1007/978-1-0716-2569-9","Stéphane MartinFrédéric Laumonnier","2022","http://link.springer.com/book/10.1007/978-1-0716-2569-9","Book"
"The Active Female","","","","","10.1007/978-3-031-15485-0","Jacalyn J. Robert-McCombMimi ZumwaltMaria Fernandez-del-Valle","2023","http://link.springer.com/book/10.1007/978-3-031-15485-0","Book"
"Applied Mathematics and Computational Mechanics for Smart Applications","Smart Innovation, Systems and Technologies","","","","10.1007/978-981-33-4826-4","Prof. Dr. Lakhmi C. JainProf. Margarita N. FavorskayaProf. Ilia S. NikitinDr. Dmitry L. Reviznikov","2021","http://link.springer.com/book/10.1007/978-981-33-4826-4","Book"
"Catalogue of Minor Planet Names and Discovery Circumstances","Dictionary of Minor Planet Names","","","","10.1007/978-3-540-29925-7_2","Lutz D. Schmadel","2003","http://link.springer.com/referenceworkentry/10.1007/978-3-540-29925-7_2","ReferenceWorkEntry"
"20. Internationales Stuttgarter Symposium","Proceedings","","","","10.1007/978-3-658-29943-9","Prof. Dr. Michael BargendeProf. Dr. Hans-Christian ReussProf. Dr. Andreas Wagner","2020","http://link.springer.com/book/10.1007/978-3-658-29943-9","Book"
"Abstracts","European Biophysics Journal","","44","1","10.1007/s00249-015-1045-6","","2015","http://link.springer.com/article/10.1007/s00249-015-1045-6","Article"
"S","StarBriefs 2001","","","","10.1007/978-94-011-4351-6_19","André Heck","2001","http://link.springer.com/chapter/10.1007/978-94-011-4351-6_19","Chapter"
"Legumes: Physiology and Molecular Biology of Abiotic Stress Tolerance","","","","","10.1007/978-981-19-5817-5","Prakash Muthu Arjuna SamyAnandan RamasamyViswanathan ChinnusamyB. Sunil Kumar","2023","http://link.springer.com/book/10.1007/978-981-19-5817-5","Book"
"The Impact of Artificial Intelligence on Governance, Economics and Finance, Volume 2","Accounting, Finance, Sustainability, Governance & Fraud: Theory and Application","","","","10.1007/978-981-16-8997-0","Sezer Bozkuş Kahyaoğlu","2022","http://link.springer.com/book/10.1007/978-981-16-8997-0","Book"
"Route and Traffic Description","Energy-Efficient Driving of Road Vehicles","","","","10.1007/978-3-030-24127-8_4","Antonio SciarrettaArdalan Vahidi","2020","http://link.springer.com/chapter/10.1007/978-3-030-24127-8_4","Chapter"
"Distributed Computing and Artificial Intelligence, Volume 2: Special Sessions 18th International Conference","Lecture Notes in Networks and Systems","","","","10.1007/978-3-030-86887-1","Sara Rodríguez GonzálezJosé Manuel MachadoAlfonso González-BrionesJaroslaw WikarekRoussanka LoukanovaGeorge KatranasDr. Roberto Casado-Vara","2022","http://link.springer.com/book/10.1007/978-3-030-86887-1","Book"
"Pathogenesis and Treatment of Leukemia","","","","","10.1007/978-981-99-3810-0","Harinder GillYok-Lam Kwong","2023","http://link.springer.com/book/10.1007/978-981-99-3810-0","Book"
"Management of Prader-Willi Syndrome","","","","","10.1007/978-3-030-98171-6","Merlin G. ButlerPhillip D. K. LeeBarbara Y. Whitman","2022","http://link.springer.com/book/10.1007/978-3-030-98171-6","Book"
"Molecular Approaches for Sustainable Insect Pest Management","","","","","10.1007/978-981-16-3591-5","Prof. Dr. Omkar","2021","http://link.springer.com/book/10.1007/978-981-16-3591-5","Book"
"Abstracts of the 83rd Annual Meeting of the German Society for Experimental and Clinical Pharmacology and Toxicology (DGPT) and the 19th Annual Meeting of the Association of the Clinical Pharmacology Germany (VKliPha) With contribution of the Arbeitsgemeinschaft für Angewandte Humanpharmakologie e. V. (AGAH)","Naunyn-Schmiedeberg's Archives of Pharmacology","","390","1","10.1007/s00210-017-1354-7","","2017","http://link.springer.com/article/10.1007/s00210-017-1354-7","Article"
"Vascularization for Tissue Engineering and Regenerative Medicine","Reference Series in Biomedical Engineering","","","","10.1007/978-3-319-54586-8","Wolfgang HolnthonerAndrea BanfiProf. James KirkpatrickProf. Heinz Redl","2021","http://link.springer.com/referencework/10.1007/978-3-319-54586-8","ReferenceWork"
"Scientific Abstracts","Reproductive Sciences","","21","3","10.1177/1933719114528275","","2014","http://link.springer.com/article/10.1177/1933719114528275","Article"
"Distributed, Ambient and Pervasive Interactions","Lecture Notes in Computer Science","","","","10.1007/978-3-031-34668-2","Norbert A. StreitzShin'ichi Konomi","2023","http://link.springer.com/book/10.1007/978-3-031-34668-2","Book"
"Biofortification of Staple Crops","","","","","10.1007/978-981-16-3280-8","Dr. Shiv KumarDr. Harsh Kumar DikshitDr. Gyan Prakash MishraDr. Akanksha Singh","2022","http://link.springer.com/book/10.1007/978-981-16-3280-8","Book"
"2nd International Conference on Industrial Applications of Adhesives 2022","Proceedings in Engineering Mechanics","","","","10.1007/978-3-031-11150-1","Lucas F. M. da SilvaRobert D. AdamsKlaus Dilger","2023","http://link.springer.com/book/10.1007/978-3-031-11150-1","Book"
"PDZ Mediated Interactions","Methods in Molecular Biology","","","","10.1007/978-1-0716-1166-1","Prof. Jean-Paul Borg","2021","http://link.springer.com/book/10.1007/978-1-0716-1166-1","Book"
"Mutation Breeding for Sustainable Food Production and Climate Resilience","","","","","10.1007/978-981-16-9720-3","Suprasanna PennaS. Mohan Jain","2023","http://link.springer.com/book/10.1007/978-981-16-9720-3","Book"
"Advances in Human Factors and System Interactions","Lecture Notes in Networks and Systems","","","","10.1007/978-3-030-79816-1","Prof. Isabel L. Nunes","2021","http://link.springer.com/book/10.1007/978-3-030-79816-1","Book"
"Mitosis","Methods in Molecular Biology","","","","10.1007/978-1-0716-1904-9","Ph.D. Edward H. Hinchcliffe","2022","http://link.springer.com/book/10.1007/978-1-0716-1904-9","Book"
"Abstracts of 51st EASD Annual Meeting","Diabetologia","","58","1","10.1007/s00125-015-3687-4","","2015","http://link.springer.com/article/10.1007/s00125-015-3687-4","Article"
"Prevention and Treatment of Atherosclerosis","Handbook of Experimental Pharmacology","","","","10.1007/978-3-030-86076-9","Dr. Arnold von EckardsteinProf. Christoph J. Binder","2022","http://link.springer.com/book/10.1007/978-3-030-86076-9","Book"
"47th Spring Meeting Deutsche Gesellschaft für Experimentelle und Klinische Pharmakologie und Toxikologie Mainz, April 4–6, 2006","Naunyn-Schmiedeberg's Archives of Pharmacology","","372","1","10.1007/s00210-006-0059-0","","2006","http://link.springer.com/article/10.1007/s00210-006-0059-0","Article"
"Neue Dimensionen der Mobilität","","","","","10.1007/978-3-658-29746-6","Heike Proff","2020","http://link.springer.com/book/10.1007/978-3-658-29746-6","Book"
"Extended Reality and Metaverse","Springer Proceedings in Business and Economics","","","","10.1007/978-3-031-25390-4","Timothy JungM. Claudia tom DieckSandra Maria Correia Loureiro","2023","http://link.springer.com/book/10.1007/978-3-031-25390-4","Book"
"Commercial Vehicle Technology 2022","Proceedings","","","","10.1007/978-3-658-40783-4","Karsten BernsKlaus DresslerRalf KalmarNicole StephanRoman TeutschMartin Thul","2022","http://link.springer.com/book/10.1007/978-3-658-40783-4","Book"
"64TH ASMS Conference on Mass Spectrometry and Allied Topics","Journal of The American Society for Mass Spectrometry","","27","1","10.1007/s13361-016-1413-1","Judith Sjoberg","2016","http://link.springer.com/article/10.1007/s13361-016-1413-1","Article"
"Untersuchungen zum kraftstoffeffizienten und lokal emissionsfreien Betrieb paralleler Plug-in-Hybridfahrzeuge und zur Auslegung darauf basierender, prädiktiver Betriebsstrategien","Wissenschaftliche Reihe Fahrzeugtechnik Universität Stuttgart","","","","10.1007/978-3-658-34756-7","Tobias Schürmann","2021","http://link.springer.com/book/10.1007/978-3-658-34756-7","Book"
"Deutsche Gesellschaft für Experimentelle und Klinische Pharmakologie und Toxikologie e.V.","Naunyn-Schmiedeberg's Archives of Pharmacology","","387","1","10.1007/s00210-014-0960-x","","2014","http://link.springer.com/article/10.1007/s00210-014-0960-x","Article"
"High Altitude Medicine","","","","","10.1007/978-3-031-35092-4","Jorge HidalgoSabrina Da ReAntónio Gandra D'Almeida","2023","http://link.springer.com/book/10.1007/978-3-031-35092-4","Book"
"High Resolution Urban Air Quality Modeling by Coupling CFD and Mesoscale Models: a Review","Asia-Pacific Journal of Atmospheric Sciences","","55","4","10.1007/s13143-019-00110-3","Rakesh KadaveruguAsheesh SharmaChandrasekhar MatliRajesh Biniwale","2019","http://link.springer.com/article/10.1007/s13143-019-00110-3","Article"
"63RD ASMS Conference on Mass Spectrometry and Allied Topics","Journal of The American Society for Mass Spectrometry","","26","1","10.1007/s13361-015-1158-2","","2015","http://link.springer.com/article/10.1007/s13361-015-1158-2","Article"
"61ST ASMS Conference on Mass Spectrometry and Allied Topics","Journal of The American Society for Mass Spectrometry","","24","1","10.1007/s13361-013-0649-2","Judith Sjoberg","2013","http://link.springer.com/article/10.1007/s13361-013-0649-2","Article"
"Bulletin Analytique du Comité de Coordination des Télécommunications de l’Union Française","Annales des Télécommunications","","7","7 - 8","10.1007/BF03015476","","1952","http://link.springer.com/article/10.1007/BF03015476","Article"
"Abstracts: 32nd European Muscle Conference ‘A link between fundamental research and therapeutic trials’ The Annual Meeting of the European Society for Muscle Research","Journal of Muscle Research & Cell Motility","","24","4 - 6","10.1023/A:1025495314044","","2003","http://link.springer.com/article/10.1023/A%3A1025495314044","Article"